mlbam_id,player_name,team,weekly_pa,weekly_ab,weekly_r,weekly_hr,weekly_rbi,weekly_sb,weekly_h,weekly_bb,weekly_hbp,weekly_sf,weekly_obp,weekly_ip,weekly_w,weekly_sv,weekly_k,weekly_er,weekly_pitch_h,weekly_pitch_bb,weekly_era,weekly_whip
805123,AJ Blubaugh,HOU,0,0,0,0,0,0,0,0,0,0,0.000,3.0,0,0,2,4,5,2,12.00,2.33
676879,Aaron Ashby,MIL,0,0,0,0,0,0,0,0,0,0,0.000,4.2,1,0,6,3,6,2,5.79,1.71
607481,Aaron Bummer,ATL,0,0,0,0,0,0,0,0,0,0,0.000,1.0,0,0,2,0,1,0,0.00,1.00
650644,Aaron Civale,ATH,0,0,0,0,0,0,0,0,0,0,0.000,5.0,1,0,3,2,4,1,3.60,1.00
592450,Aaron Judge,NYY,27,23,6,1,4,1,7,3,1,0,0.407,0.0,0,0,0,0,0,0,0.00,0.00
605400,Aaron Nola,PHI,0,0,0,0,0,0,0,0,0,0,0.000,6.1,1,0,9,1,5,1,1.42,0.95
682842,Abner Uribe,MIL,0,0,0,0,0,0,0,0,0,0,0.000,2.2,0,0,2,1,3,1,3.38,1.50
624428,Adam Frazier,LAA,5,4,1,0,1,0,3,0,0,0,0.750,0.0,0,0,0,0,0,0,0.00,0.00
680718,Addison Barger,TOR,15,14,2,0,0,0,2,1,0,0,0.200,0.0,0,0,0,0,0,0,0.00,0.00
668939,Adley Rutschman,BAL,16,14,1,0,1,0,4,2,0,0,0.375,0.0,0,0,0,0,0,0,0.00,0.00
666969,Adolis García,PHI,24,23,2,2,2,0,9,1,0,0,0.417,0.0,0,0,0,0,0,0,0.00,0.00
680728,Adrian Del Castillo,AZ,3,3,0,0,0,0,0,0,0,0,0.000,0.0,0,0,0,0,0,0,0.00,0.00
605288,Adrian Houser,SF,0,0,0,0,0,0,0,0,0,0,0.000,5.1,0,0,4,1,6,1,1.69,1.31
670970,Adrian Morejon,SD,0,0,0,0,0,0,0,0,0,0,0.000,2.2,1,0,3,2,4,1,6.75,1.88
682663,Agustín Ramírez,MIA,22,19,3,0,1,0,4,2,1,0,0.318,0.0,0,0,0,0,0,0,0.00,0.00
544150,Albert Suárez,BAL,0,0,0,0,0,0,0,0,0,0,0.000,3.0,0,1,2,1,2,1,3.00,1.00
664761,Alec Bohm,PHI,26,24,1,0,3,0,4,2,0,0,0.231,0.0,0,0,0,0,0,0,0.00,0.00
676475,Alec Burleson,STL,26,22,1,0,2,0,4,4,0,0,0.308,0.0,0,0,0,0,0,0,0.00,0.00
672386,Alejandro Kirk,TOR,16,15,0,0,2,0,3,1,0,0,0.250,0.0,0,0,0,0,0,0,0.00,0.00
677950,Alek Thomas,AZ,19,19,2,0,1,1,2,0,0,0,0.105,0.0,0,0,0,0,0,0,0.00,0.00
608324,Alex Bregman,CHC,32,27,0,0,1,0,3,5,0,0,0.250,0.0,0,0,0,0,0,0,0.00,0.00
669743,Alex Call,LAD,11,8,4,0,1,0,4,3,0,0,0.636,0.0,0,0,0,0,0,0,0.00,0.00
690976,Alex Freeland,LAD,18,15,1,0,0,0,1,3,0,0,0.222,0.0,0,0,0,0,0,0,0.00,0.00
656638,Alex Lange,KC,0,0,0,0,0,0,0,0,0,0,0.000,2.1,0,0,5,2,2,4,7.71,2.57
681911,Alex Vesia,LAD,0,0,0,0,0,0,0,0,0,0,0.000,2.0,0,0,1,0,1,1,0.00,1.00
642708,Amed Rosario,NYY,5,4,0,0,1,0,1,0,0,1,0.200,0.0,0,0,0,0,0,0,0.00,0.00
701552,Andre Granillo,WSH,0,0,0,0,0,0,0,0,0,0,0.000,3.0,0,0,1,2,3,2,6.00,1.67
669467,Andre Pallante,STL,0,0,0,0,0,0,0,0,0,0,0.000,5.0,1,0,3,0,3,3,0.00,1.20
671096,Andrew Abbott,CIN,0,0,0,0,0,0,0,0,0,0,0.000,5.2,0,0,5,4,5,3,6.35,1.41
643217,Andrew Benintendi,CWS,18,18,0,0,1,0,3,0,0,0,0.167,0.0,0,0,0,0,0,0,0.00,0.00
694851,Andrew Hoffmann,AZ,0,0,0,0,0,0,0,0,0,0,0.000,3.0,1,0,5,0,1,2,0.00,1.00
457705,Andrew McCutchen,TEX,9,8,1,0,0,0,2,1,0,0,0.333,0.0,0,0,0,0,0,0,0.00,0.00
677053,Andrew Nardi,MIA,0,0,0,0,0,0,0,0,0,0,0.000,2.1,0,0,4,1,0,3,3.86,1.29
691725,Andrew Painter,PHI,0,0,0,0,0,0,0,0,0,0,0.000,5.1,1,0,8,1,4,1,1.69,0.94
655316,Andruw Monasterio,BOS,5,5,0,0,1,0,0,0,0,0,0.000,0.0,0,0,0,0,0,0,0.00,0.00
665926,Andrés Giménez,TOR,28,26,3,3,5,1,4,2,0,0,0.214,0.0,0,0,0,0,0,0,0.00,0.00
662253,Andrés Muñoz,SEA,0,0,0,0,0,0,0,0,0,0,0.000,2.0,1,0,4,0,0,0,0.00,0.00
628451,Andy Ibáñez,ATH,7,7,1,0,2,0,2,0,0,0,0.286,0.0,0,0,0,0,0,0,0.00,0.00
681624,Andy Pages,LAD,26,24,5,2,7,1,14,2,0,0,0.615,0.0,0,0,0,0,0,0,0.00,0.00
682657,Angel Martínez,CLE,24,17,4,0,0,1,2,4,2,0,0.348,0.0,0,0,0,0,0,0,0.00,0.00
672582,Angel Zerpa,MIL,0,0,0,0,0,0,0,0,0,0,0.000,3.2,0,0,3,0,1,2,0.00,0.82
607455,Anthony Banda,MIN,0,0,0,0,0,0,0,0,0,0,0.000,3.0,0,0,2,1,2,0,3.00,0.67
669622,Anthony Bender,MIA,0,0,0,0,0,0,0,0,0,0,0.000,3.0,1,1,4,4,3,4,12.00,2.33
641743,Anthony Kay,CWS,0,0,0,0,0,0,0,0,0,0,0.000,4.1,0,0,0,2,3,2,4.15,1.15
689296,Anthony Nunez,BAL,0,0,0,0,0,0,0,0,0,0,0.000,3.0,0,0,2,2,4,1,6.00,1.67
622608,Antonio Senzatela,COL,0,0,0,0,0,0,0,0,0,0,0.000,2.0,0,0,3,0,1,0,0.00,0.50
547973,Aroldis Chapman,BOS,0,0,0,0,0,0,0,0,0,0,0.000,2.0,0,1,2,1,2,1,4.50,1.50
669720,Austin Hays,CWS,27,26,2,1,8,0,5,1,0,0,0.222,0.0,0,0,0,0,0,0,0.00,0.00
595978,Austin Hedges,CLE,12,12,2,0,2,0,6,0,0,0,0.500,0.0,0,0,0,0,0,0,0.00,0.00
668885,Austin Martin,MIN,19,13,1,0,2,0,3,5,1,0,0.474,0.0,0,0,0,0,0,0,0.00,0.00
663586,Austin Riley,ATL,26,23,1,0,2,0,2,3,0,0,0.192,0.0,0,0,0,0,0,0,0.00,0.00
596103,Austin Slater,MIA,8,7,1,0,0,1,2,1,0,0,0.375,0.0,0,0,0,0,0,0,0.00,0.00
608723,Austin Voth,TOR,0,0,0,0,0,0,0,0,0,0,0.000,2.2,0,0,1,1,3,1,3.38,1.50
669224,Austin Wells,NYY,17,14,1,0,0,0,2,3,0,0,0.294,0.0,0,0,0,0,0,0,0.00,0.00
642851,Austin Wynns,ATH,4,4,0,0,0,0,1,0,0,0,0.250,0.0,0,0,0,0,0,0,0.00,0.00
663559,Bailey Falter,KC,0,0,0,0,0,0,0,0,0,0,0.000,0.1,0,0,0,3,3,2,81.00,15.00
641927,Bailey Ober,MIN,0,0,0,0,0,0,0,0,0,0,0.000,4.0,0,0,4,3,4,2,6.75,1.50
676962,Ben Brown,CHC,0,0,0,0,0,0,0,0,0,0,0.000,7.1,0,0,5,4,5,5,4.91,1.36
676508,Ben Casparius,LAD,0,0,0,0,0,0,0,0,0,0,0.000,2.0,0,0,2,2,2,0,9.00,1.00
700250,Ben Rice,NYY,27,19,9,3,9,0,8,8,0,0,0.593,0.0,0,0,0,0,0,0,0.00,0.00
810938,Ben Williamson,TB,24,23,3,0,2,1,4,1,0,0,0.208,0.0,0,0,0,0,0,0,0.00,0.00
695257,Billy Cook,PIT,0,0,0,0,0,0,0,0,0,0,0.000,0.0,0,0,0,0,0,0,0.00,0.00
694918,Blade Tidwell,SF,0,0,0,0,0,0,0,0,0,0,0.000,3.0,0,1,2,0,2,0,0.00,0.67
663368,Blake Perkins,MIL,18,16,0,0,2,1,1,2,0,0,0.167,0.0,0,0,0,0,0,0,0.00,0.00
595014,Blake Treinen,LAD,0,0,0,0,0,0,0,0,0,0,0.000,2.0,0,0,1,0,1,1,0.00,1.00
677942,Blaze Alexander,BAL,18,17,3,0,0,1,4,1,0,0,0.278,0.0,0,0,0,0,0,0,0.00,0.00
666182,Bo Bichette,NYM,33,31,3,0,5,0,8,2,0,0,0.303,0.0,0,0,0,0,0,0,0.00,0.00
666310,Bo Naylor,CLE,16,15,0,0,0,0,3,1,0,0,0.250,0.0,0,0,0,0,0,0,0.00,0.00
677951,Bobby Witt Jr.,KC,32,26,0,0,2,3,4,5,0,1,0.281,0.0,0,0,0,0,0,0,0.00,0.00
641745,Brad Keller,PHI,0,0,0,0,0,0,0,0,0,0,0.000,3.0,0,0,1,3,4,1,9.00,1.67
695418,Brad Lord,WSH,0,0,0,0,0,0,0,0,0,0,0.000,5.0,0,0,3,3,6,2,5.40,1.60
699134,Bradgley Rodriguez,SD,0,0,0,0,0,0,0,0,0,0,0.000,3.1,0,0,3,1,4,0,2.70,1.20
691781,Brady House,WSH,21,18,2,0,1,0,5,3,0,0,0.381,0.0,0,0,0,0,0,0,0.00,0.00
663903,Brady Singer,CIN,0,0,0,0,0,0,0,0,0,0,0.000,5.0,0,0,5,2,6,1,3.60,1.40
663604,Brandon Lockridge,MIL,20,17,2,0,2,3,5,2,0,0,0.368,0.0,0,0,0,0,0,0,0.00,0.00
664040,Brandon Lowe,PIT,22,18,1,0,0,0,3,4,0,0,0.318,0.0,0,0,0,0,0,0,0.00,0.00
669016,Brandon Marsh,PHI,25,24,4,1,3,1,7,1,0,0,0.320,0.0,0,0,0,0,0,0,0.00,0.00
607043,Brandon Nimmo,TEX,27,24,4,0,2,0,10,3,0,0,0.481,0.0,0,0,0,0,0,0,0.00,0.00
694297,Brandon Pfaadt,AZ,0,0,0,0,0,0,0,0,0,0,0.000,10.2,0,0,5,8,12,3,6.75,1.41
687075,Brandon Sproat,MIL,0,0,0,0,0,0,0,0,0,0,0.000,7.1,0,0,8,8,8,6,9.82,1.91
678218,Brandon Valenzuela,TOR,3,3,0,0,0,0,1,0,0,0,0.333,0.0,0,0,0,0,0,0,0.00,0.00
682227,Brandon Williamson,CIN,0,0,0,0,0,0,0,0,0,0,0.000,4.2,0,0,3,6,6,2,11.57,1.71
605540,Brandon Woodruff,MIL,0,0,0,0,0,0,0,0,0,0,0.000,5.0,1,0,6,2,4,0,3.60,0.80
676428,Brant Hurter,DET,0,0,0,0,0,0,0,0,0,0,0.000,3.0,1,0,0,1,2,1,3.00,1.00
677952,Braxton Ashcraft,PIT,0,0,0,0,0,0,0,0,0,0,0.000,12.0,1,0,11,3,8,4,2.25,1.00
690924,Braxton Fulford,COL,3,3,2,1,2,0,2,0,0,0,0.667,0.0,0,0,0,0,0,0,0.00,0.00
678394,Brayan Bello,BOS,0,0,0,0,0,0,0,0,0,0,0.000,4.2,0,0,2,5,8,3,9.64,2.36
677587,Brayan Rocchio,CLE,25,21,0,0,1,0,3,3,0,0,0.250,0.0,0,0,0,0,0,0,0.00,0.00
680755,Braydon Fisher,TOR,0,0,0,0,0,0,0,0,0,0,0.000,5.2,0,0,7,0,7,1,0.00,1.41
680977,Brendan Donovan,SEA,15,13,0,0,0,0,4,2,0,0,0.400,0.0,0,0,0,0,0,0,0.00,0.00
663893,Brendon Little,TOR,0,0,0,0,0,0,0,0,0,0,0.000,4.0,0,0,5,7,8,2,15.75,2.50
657514,Brennan Bernardino,COL,0,0,0,0,0,0,0,0,0,0,0.000,3.2,1,0,3,1,2,2,2.45,1.09
687396,Brent Headrick,NYY,0,0,0,0,0,0,0,0,0,0,0.000,3.1,1,0,5,0,3,1,0.00,1.20
667670,Brent Rooker,ATH,26,21,4,2,6,0,5,4,0,1,0.346,0.0,0,0,0,0,0,0,0.00,0.00
608718,Brent Suter,LAA,0,0,0,0,0,0,0,0,0,0,0.000,5.1,0,0,7,3,7,2,5.06,1.69
686668,Brenton Doyle,COL,18,17,3,0,0,0,4,1,0,0,0.278,0.0,0,0,0,0,0,0,0.00,0.00
683146,Brett Baty,NYM,20,20,4,0,1,0,4,0,0,0,0.200,0.0,0,0,0,0,0,0,0.00,0.00
664954,Brett Sullivan,COL,8,7,0,0,1,0,3,1,0,0,0.500,0.0,0,0,0,0,0,0,0.00,0.00
694728,Brice Matthews,HOU,14,12,1,1,2,0,1,2,0,0,0.214,0.0,0,0,0,0,0,0,0.00,0.00
668930,Brice Turang,MIL,30,23,6,1,6,3,5,6,0,0,0.379,0.0,0,0,0,0,0,0,0.00,0.00
656271,Brock Burke,CIN,0,0,0,0,0,0,0,0,0,0,0.000,3.1,0,1,5,0,0,1,0.00,0.30
686797,Brooks Lee,MIN,14,12,1,0,2,0,3,2,0,0,0.357,0.0,0,0,0,0,0,0,0.00,0.00
548384,Brooks Raley,NYM,0,0,0,0,0,0,0,0,0,0,0.000,2.2,0,0,3,0,1,0,0.00,0.38
650556,Bryan Abreu,HOU,0,0,0,0,0,0,0,0,0,0,0.000,1.1,0,1,3,3,3,1,20.25,3.00
641329,Bryan Baker,TB,0,0,0,0,0,0,0,0,0,0,0.000,1.0,1,0,2,0,0,0,0.00,0.00
663542,Bryan Hudson,CWS,0,0,0,0,0,0,0,0,0,0,0.000,2.1,0,0,2,1,3,1,3.86,1.71
687911,Bryan King,HOU,0,0,0,0,0,0,0,0,0,0,0.000,2.2,0,0,3,0,1,1,0.00,0.75
668804,Bryan Reynolds,PIT,27,22,7,2,4,0,5,4,0,1,0.333,0.0,0,0,0,0,0,0,0.00,0.00
693433,Bryan Woo,SEA,0,0,0,0,0,0,0,0,0,0,0.000,7.0,0,0,6,0,1,1,0.00,0.29
693821,Bryce Elder,ATL,0,0,0,0,0,0,0,0,0,0,0.000,13.0,1,0,13,0,9,2,0.00,0.85
547180,Bryce Harper,PHI,26,25,3,2,3,0,4,1,0,0,0.192,0.0,0,0,0,0,0,0,0.00,0.00
669369,Bryce Johnson,SD,9,8,0,0,1,0,1,1,0,0,0.222,0.0,0,0,0,0,0,0,0.00,0.00
669326,Bryce Teodosio,LAA,4,3,0,0,0,0,0,0,0,0,0.000,0.0,0,0,0,0,0,0,0.00,0.00
681082,Bryson Stott,PHI,20,19,1,0,1,1,3,1,0,0,0.200,0.0,0,0,0,0,0,0,0.00,0.00
696149,Bubba Chandler,PIT,0,0,0,0,0,0,0,0,0,0,0.000,4.1,0,0,6,0,0,6,0.00,1.38
621439,Byron Buxton,MIN,20,18,0,0,1,0,0,0,1,1,0.050,0.0,0,0,0,0,0,0,0.00,0.00
682928,CJ Abrams,WSH,28,24,7,3,10,2,8,4,0,0,0.429,0.0,0,0,0,0,0,0,0.00,0.00
692216,CJ Kayfus,CLE,8,8,4,2,4,0,5,0,0,0,0.625,0.0,0,0,0,0,0,0,0.00,0.00
676917,Cade Cavalli,WSH,0,0,0,0,0,0,0,0,0,0,0.000,6.0,0,0,3,1,5,2,1.50,1.17
690990,Cade Horton,CHC,0,0,0,0,0,0,0,0,0,0,0.000,1.0,0,0,0,0,0,1,0.00,1.00
700249,Cade Povich,BAL,0,0,0,0,0,0,0,0,0,0,0.000,5.2,0,0,2,2,4,3,3.18,1.24
671922,Cade Smith,CLE,0,0,0,0,0,0,0,0,0,0,0.000,5.0,0,3,7,5,6,4,9.00,2.00
663728,Cal Raleigh,SEA,25,23,1,0,3,0,3,2,0,0,0.200,0.0,0,0,0,0,0,0,0.00,0.00
702332,Caleb Durbin,BOS,17,16,0,0,1,0,2,1,0,0,0.176,0.0,0,0,0,0,0,0,0.00,0.00
668873,Caleb Kilian,SF,0,0,0,0,0,0,0,0,0,0,0.000,3.0,0,0,4,0,0,0,0.00,0.00
573204,Caleb Thielbar,CHC,0,0,0,0,0,0,0,0,0,0,0.000,2.1,1,0,2,0,0,1,0.00,0.43
676534,Calvin Faucher,MIA,0,0,0,0,0,0,0,0,0,0,0.000,3.0,0,0,5,0,0,2,0.00,0.67
693645,Cam Schlittler,NYY,0,0,0,0,0,0,0,0,0,0,0.000,6.1,1,0,7,0,2,0,0.00,0.32
701358,Cam Smith,HOU,23,20,4,2,5,2,8,3,0,0,0.478,0.0,0,0,0,0,0,0,0.00,0.00
666808,Camilo Doval,NYY,0,0,0,0,0,0,0,0,0,0,0.000,1.1,0,0,2,4,5,1,27.00,4.50
621043,Carlos Correa,HOU,25,22,7,1,6,1,6,3,0,0,0.360,0.0,0,0,0,0,0,0,0.00,0.00
666126,Carlos Cortes,ATH,7,5,1,0,2,0,4,2,0,0,0.857,0.0,0,0,0,0,0,0,0.00,0.00
665966,Carlos Narváez,BOS,13,12,1,0,0,0,3,1,0,0,0.308,0.0,0,0,0,0,0,0,0.00,0.00
467793,Carlos Santana,AZ,16,15,0,0,0,0,1,1,0,0,0.125,0.0,0,0,0,0,0,0,0.00,0.00
669387,Carmen Mlodzinski,PIT,0,0,0,0,0,0,0,0,0,0,0.000,4.2,0,0,5,2,5,3,3.86,1.71
701807,Carson Benge,NYM,22,20,1,0,2,3,2,2,0,0,0.182,0.0,0,0,0,0,0,0,0.00,0.00
608348,Carson Kelly,CHC,24,21,4,0,2,0,6,3,0,0,0.375,0.0,0,0,0,0,0,0,0.00,0.00
700246,Carson Williams,TB,11,11,0,0,0,0,0,0,0,0,0.000,0.0,0,0,0,0,0,0,0.00,0.00
691945,Carter Baumler,TEX,0,0,0,0,0,0,0,0,0,0,0.000,3.0,0,0,3,1,2,1,3.00,1.00
695600,Carter Jensen,KC,17,15,2,0,4,0,5,2,0,0,0.412,0.0,0,0,0,0,0,0,0.00,0.00
668984,Casey Legumina,SEA,0,0,0,0,0,0,0,0,0,0,0.000,3.2,0,0,1,0,1,0,0.00,0.27
663554,Casey Mize,DET,0,0,0,0,0,0,0,0,0,0,0.000,6.0,0,0,9,1,4,2,1.50,1.00
669477,Casey Schmitt,SF,15,13,0,0,2,1,6,1,1,0,0.533,0.0,0,0,0,0,0,0,0.00,0.00
678882,Ceddanne Rafaela,BOS,16,15,2,1,2,0,4,0,1,0,0.312,0.0,0,0,0,0,0,0,0.00,0.00
656775,Cedric Mullins,TB,22,21,2,0,1,2,3,0,1,0,0.182,0.0,0,0,0,0,0,0,0.00,0.00
694477,Chad Patrick,MIL,0,0,0,0,0,0,0,0,0,0,0.000,5.0,1,0,3,0,4,3,0.00,1.40
802415,Chandler Simpson,TB,25,23,1,0,0,2,8,2,0,0,0.400,0.0,0,0,0,0,0,0,0.00,0.00
695505,Chase Burns,CIN,0,0,0,0,0,0,0,0,0,0,0.000,11.0,1,0,16,1,6,4,0.82,0.91
800050,Chase DeLauter,CLE,22,18,3,1,5,0,5,2,0,2,0.318,0.0,0,0,0,0,0,0,0.00,0.00
801403,Chase Dollander,COL,0,0,0,0,0,0,0,0,0,0,0.000,8.1,1,0,11,5,9,3,5.40,1.44
805367,Chase Meidroth,CWS,26,24,3,0,0,0,4,2,0,0,0.231,0.0,0,0,0,0,0,0,0.00,0.00
681217,Chase Silseth,LAA,0,0,0,0,0,0,0,0,0,0,0.000,2.1,0,0,4,0,1,1,0.00,0.86
605135,Chris Bassitt,BAL,0,0,0,0,0,0,0,0,0,0,0.000,6.1,0,0,3,10,12,6,14.21,2.84
455119,Chris Martin,TEX,0,0,0,0,0,0,0,0,0,0,0.000,3.1,0,0,2,4,7,0,10.80,2.10
669684,Chris Murphy,CWS,0,0,0,0,0,0,0,0,0,0,0.000,4.0,1,1,4,2,5,2,4.50,1.75
663978,Chris Paddack,MIA,0,0,0,0,0,0,0,0,0,0,0.000,8.2,0,0,10,8,11,4,8.31,1.73
688297,Chris Roycroft,STL,0,0,0,0,0,0,0,0,0,0,0.000,2.1,0,0,3,2,2,4,7.71,2.57
519242,Chris Sale,ATL,0,0,0,0,0,0,0,0,0,0,0.000,6.0,1,0,3,1,1,0,1.50,0.17
683766,Christian Koss,SF,0,0,0,0,0,0,0,0,0,0,0.000,1.0,0,0,0,0,0,0,0.00,0.00
685005,Christian Roa,HOU,0,0,0,0,0,0,0,0,0,0,0.000,0.2,0,0,0,0,2,1,0.00,4.50
543877,Christian Vázquez,HOU,14,14,1,1,3,0,4,0,0,0,0.286,0.0,0,0,0,0,0,0,0.00,0.00
572233,Christian Walker,HOU,26,24,5,2,8,0,8,2,0,0,0.385,0.0,0,0,0,0,0,0,0.00,0.00
592885,Christian Yelich,MIL,28,27,5,0,3,0,6,1,0,0,0.250,0.0,0,0,0,0,0,0,0.00,0.00
672335,Cionel Pérez,WSH,0,0,0,0,0,0,0,0,0,0,0.000,0.2,0,0,0,5,5,2,67.50,10.50
605280,Clay Holmes,NYM,0,0,0,0,0,0,0,0,0,0,0.000,12.2,2,0,9,2,7,5,1.42,0.95
690925,Clayton Beeter,WSH,0,0,0,0,0,0,0,0,0,0,0.000,2.2,0,0,2,2,2,0,6.75,0.75
691723,Coby Mayo,BAL,13,11,1,0,0,0,1,2,0,0,0.231,0.0,0,0,0,0,0,0,0.00,0.00
641355,Cody Bellinger,NYY,27,19,6,1,3,2,4,7,0,1,0.407,0.0,0,0,0,0,0,0,0.00,0.00
675989,Cody Bolton,HOU,0,0,0,0,0,0,0,0,0,0,0.000,3.0,0,1,5,1,3,1,3.00,1.33
689520,Cody Laweryson,MIN,0,0,0,0,0,0,0,0,0,0,0.000,3.1,0,0,4,3,2,2,8.10,1.20
664074,Cody Ponce,TOR,0,0,0,0,0,0,0,0,0,0,0.000,2.1,0,0,3,1,1,1,3.86,0.86
669371,Cole Henry,WSH,0,0,0,0,0,0,0,0,0,0,0.000,3.1,0,0,3,0,5,2,0.00,2.10
666142,Cole Ragans,KC,0,0,0,0,0,0,0,0,0,0,0.000,6.0,0,0,8,0,4,1,0.00,0.83
663485,Cole Sands,MIN,0,0,0,0,0,0,0,0,0,0,0.000,2.2,0,0,1,1,3,0,3.38,1.12
642121,Cole Sulser,TB,0,0,0,0,0,0,0,0,0,0,0.000,3.1,0,0,3,2,5,2,5.40,2.10
677961,Cole Wilcox,SEA,0,0,0,0,0,0,0,0,0,0,0.000,3.1,0,0,5,0,2,1,0.00,0.90
668390,Cole Winn,TEX,0,0,0,0,0,0,0,0,0,0,0.000,3.1,1,0,3,0,3,1,0.00,1.20
702284,Cole Young,SEA,24,22,4,1,5,0,7,1,1,0,0.375,0.0,0,0,0,0,0,0,0.00,0.00
607067,Colin Rea,CHC,0,0,0,0,0,0,0,0,0,0,0.000,6.1,0,1,8,3,8,1,4.26,1.42
695657,Colson Montgomery,CWS,28,25,3,1,1,2,5,3,0,0,0.286,0.0,0,0,0,0,0,0,0.00,0.00
690993,Colt Keith,DET,18,18,4,0,2,0,7,0,0,0,0.389,0.0,0,0,0,0,0,0,0.00,0.00
681297,Colton Cowser,BAL,17,13,3,0,0,0,3,3,0,0,0.375,0.0,0,0,0,0,0,0,0.00,0.00
813349,Connelly Early,BOS,0,0,0,0,0,0,0,0,0,0,0.000,4.0,0,0,4,2,3,4,4.50,1.75
641401,Connor Brogdon,CLE,0,0,0,0,0,0,0,0,0,0,0.000,2.0,1,0,0,1,1,1,4.50,1.00
681393,Connor Norby,MIA,18,16,2,0,1,0,2,2,0,0,0.222,0.0,0,0,0,0,0,0,0.00,0.00
683175,Connor Phillips,CIN,0,0,0,0,0,0,0,0,0,0,0.000,2.1,0,1,2,0,1,5,0.00,2.57
657756,Connor Seabold,DET,0,0,0,0,0,0,0,0,0,0,0.000,2.0,0,0,1,0,1,2,0.00,1.50
657136,Connor Wong,BOS,6,6,0,0,1,0,3,0,0,0,0.500,0.0,0,0,0,0,0,0,0.00,0.00
681867,Cooper Criswell,SEA,0,0,0,0,0,0,0,0,0,0,0.000,2.0,0,0,1,1,1,0,4.50,0.50
682998,Corbin Carroll,AZ,27,21,5,2,8,1,8,6,0,0,0.519,0.0,0,0,0,0,0,0,0.00,0.00
608369,Corey Seager,TEX,26,23,3,2,3,0,4,3,0,0,0.269,0.0,0,0,0,0,0,0,0.00,0.00
664299,Cristian Javier,HOU,0,0,0,0,0,0,0,0,0,0,0.000,3.2,0,0,2,6,6,5,14.73,3.00
650911,Cristopher Sánchez,PHI,0,0,0,0,0,0,0,0,0,0,0.000,5.1,0,0,7,1,4,4,1.69,1.50
678554,Curtis Mead,WSH,11,9,0,0,1,0,1,2,0,0,0.273,0.0,0,0,0,0,0,0,0.00,0.00
669084,DL Hall,MIL,0,0,0,0,0,0,0,0,0,0,0.000,5.0,0,0,7,0,3,2,0.00,1.00
687221,Dalton Rushing,LAD,5,5,1,1,2,0,2,0,0,0,0.400,0.0,0,0,0,0,0,0,0.00,0.00
667472,Dane Myers,CIN,10,10,0,0,0,0,2,0,0,0,0.200,0.0,0,0,0,0,0,0,0.00,0.00
663738,Daniel Lynch IV,KC,0,0,0,0,0,0,0,0,0,0,0.000,4.0,0,0,6,1,2,3,2.25,1.25
694037,Daniel Palencia,CHC,0,0,0,0,0,0,0,0,0,0,0.000,2.0,0,1,2,0,1,0,0.00,0.50
682177,Daniel Schneemann,CLE,17,17,2,0,2,1,3,0,0,0,0.176,0.0,0,0,0,0,0,0,0.00,0.00
691740,Daniel Susac,SF,4,3,0,0,0,0,3,1,0,0,1.000,0.0,0,0,0,0,0,0,0.00,0.00
543056,Danny Coulombe,BOS,0,0,0,0,0,0,0,0,0,0,0.000,2.0,0,0,1,1,1,0,4.50,0.50
643376,Danny Jansen,TEX,16,16,2,1,5,0,5,0,0,0,0.312,0.0,0,0,0,0,0,0,0.00,0.00
621020,Dansby Swanson,CHC,28,25,2,2,6,0,4,2,0,1,0.214,0.0,0,0,0,0,0,0,0.00,0.00
687231,Darell Hernaiz,ATH,5,5,0,0,0,0,1,0,0,0,0.200,0.0,0,0,0,0,0,0,0.00,0.00
662139,Daulton Varsho,TOR,23,22,1,0,0,0,4,1,0,0,0.217,0.0,0,0,0,0,0,0,0.00,0.00
670280,David Bednar,NYY,0,0,0,0,0,0,0,0,0,0,0.000,2.1,0,2,3,2,6,1,7.71,3.00
681807,David Fry,CLE,6,4,0,0,0,0,2,2,0,0,0.667,0.0,0,0,0,0,0,0,0.00,0.00
666152,David Hamilton,MIL,20,16,3,0,1,1,4,4,0,0,0.400,0.0,0,0,0,0,0,0,0.00,0.00
688158,David Morgan,SD,0,0,0,0,0,0,0,0,0,0,0.000,3.0,0,0,3,0,3,1,0.00,1.33
656849,David Peterson,NYM,0,0,0,0,0,0,0,0,0,0,0.000,4.1,0,0,5,5,9,2,10.38,2.54
663436,Davis Martin,CWS,0,0,0,0,0,0,0,0,0,0,0.000,11.0,2,0,12,3,9,4,2.45,1.18
676914,Davis Schneider,TOR,7,6,4,1,3,0,3,1,0,0,0.571,0.0,0,0,0,0,0,0,0.00,0.00
695734,Daylen Lile,WSH,28,28,4,0,2,0,8,0,0,0,0.286,0.0,0,0,0,0,0,0,0.00,0.00
642701,Dennis Santana,PIT,0,0,0,0,0,0,0,0,0,0,0.000,3.0,1,0,2,0,1,0,0.00,0.33
672016,Denzel Clarke,ATH,14,12,1,0,1,0,3,2,0,0,0.357,0.0,0,0,0,0,0,0,0.00,0.00
656537,Derek Hill,CWS,8,6,2,0,0,0,2,2,0,0,0.500,0.0,0,0,0,0,0,0,0.00,0.00
642207,Devin Williams,NYM,0,0,0,0,0,0,0,0,0,0,0.000,3.0,0,2,3,0,2,1,0.00,1.00
608650,Dietrich Enns,BAL,0,0,0,0,0,0,0,0,0,0,0.000,2.2,0,0,6,1,1,4,3.38,1.88
693307,Dillon Dingler,DET,20,16,4,1,3,0,3,3,1,0,0.350,0.0,0,0,0,0,0,0,0.00,0.00
686527,Dominic Canzone,SEA,9,9,1,0,1,1,2,0,0,0,0.222,0.0,0,0,0,0,0,0,0.00,0.00
642086,Dominic Smith,ATL,17,15,5,1,2,0,5,2,0,0,0.412,0.0,0,0,0,0,0,0,0.00,0.00
686948,Drake Baldwin,ATL,32,29,7,2,10,0,9,2,1,0,0.375,0.0,0,0,0,0,0,0,0.00,0.00
623454,Drew Anderson,DET,0,0,0,0,0,0,0,0,0,0,0.000,2.0,0,0,3,3,3,0,13.50,1.50
686452,Drew Millas,WSH,13,12,0,0,2,0,2,1,0,0,0.231,0.0,0,0,0,0,0,0,0.00,0.00
519141,Drew Pomeranz,LAA,0,0,0,0,0,0,0,0,0,0,0.000,2.2,0,0,2,0,2,1,0.00,1.12
656876,Drew Rasmussen,TB,0,0,0,0,0,0,0,0,0,0,0.000,5.0,0,0,8,1,2,1,1.80,0.60
669160,Dustin May,STL,0,0,0,0,0,0,0,0,0,0,0.000,3.1,0,0,4,7,7,2,18.90,2.70
687637,Dylan Beavers,BAL,20,20,3,1,2,0,7,0,0,0,0.350,0.0,0,0,0,0,0,0,0.00,0.00
666185,Dylan Carlson,CHC,6,6,1,0,0,0,0,0,0,0,0.000,0.0,0,0,0,0,0,0,0.00,0.00
656302,Dylan Cease,TOR,0,0,0,0,0,0,0,0,0,0,0.000,8.2,0,0,12,4,10,6,4.15,1.85
669276,Dylan Lee,ATL,0,0,0,0,0,0,0,0,0,0,0.000,3.0,0,0,2,1,4,0,3.00,1.33
664238,Dylan Moore,PHI,1,1,1,0,0,0,0,0,0,0,0.000,0.2,0,0,0,0,1,0,0.00,1.50
700337,Edgar Quero,CWS,19,15,1,0,0,0,6,3,0,0,0.500,0.0,0,0,0,0,0,0,0.00,0.00
683618,Edgardo Henriquez,LAD,0,0,0,0,0,0,0,0,0,0,0.000,2.0,0,0,1,3,4,1,13.50,2.50
624641,Edmundo Sosa,PHI,7,7,0,0,2,0,1,0,0,0,0.143,0.0,0,0,0,0,0,0,0.00,0.00
666397,Edouard Julien,COL,7,6,0,0,0,0,0,1,0,0,0.143,0.0,0,0,0,0,0,0,0.00,0.00
660825,Eduard Bazardo,SEA,0,0,0,0,0,0,0,0,0,0,0.000,2.0,0,0,2,0,1,0,0.00,0.50
593958,Eduardo Rodriguez,AZ,0,0,0,0,0,0,0,0,0,0,0.000,7.0,0,0,3,0,4,1,0.00,0.71
665795,Edward Cabrera,CHC,0,0,0,0,0,0,0,0,0,0,0.000,11.2,1,0,9,0,2,6,0.00,0.69
621242,Edwin Díaz,LAD,0,0,0,0,0,0,0,0,0,0,0.000,2.0,0,1,3,1,1,1,4.50,1.00
669212,Eli Morgan,KC,0,0,0,0,0,0,0,0,0,0,0.000,6.0,0,2,10,0,2,2,0.00,0.67
642201,Eli White,ATL,8,7,0,0,0,0,0,1,0,0,0.125,0.0,0,0,0,0,0,0,0.00,0.00
682829,Elly De La Cruz,CIN,26,25,5,2,4,1,7,1,0,0,0.308,0.0,0,0,0,0,0,0,0.00,0.00
665660,Elvis Alvarado,ATH,0,0,0,0,0,0,0,0,0,0,0.000,4.1,1,0,2,3,6,2,6.23,1.85
676106,Emerson Hancock,SEA,0,0,0,0,0,0,0,0,0,0,0.000,6.2,0,0,5,1,6,0,1.35,0.90
641941,Emilio Pagán,CIN,0,0,0,0,0,0,0,0,0,0,0.000,3.0,0,2,4,4,4,2,12.00,2.00
686218,Emmet Sheehan,LAD,0,0,0,0,0,0,0,0,0,0,0.000,5.2,1,0,2,4,7,3,6.35,1.76
646241,Enmanuel De Jesus,DET,0,0,0,0,0,0,0,0,0,0,0.000,3.2,0,0,4,4,5,2,9.82,1.91
641778,Eric Lauer,TOR,0,0,0,0,0,0,0,0,0,0,0.000,2.0,0,0,0,2,3,3,9.00,3.00
679358,Eric Orze,MIN,0,0,0,0,0,0,0,0,0,0,0.000,2.0,0,0,0,0,1,1,0.00,1.00
607200,Erick Fedde,CWS,0,0,0,0,0,0,0,0,0,0,0.000,5.0,0,0,4,3,6,1,5.40,1.40
669062,Erik Miller,SF,0,0,0,0,0,0,0,0,0,0,0.000,1.1,0,0,3,4,5,1,27.00,4.50
681870,Erik Sabrowski,CLE,0,0,0,0,0,0,0,0,0,0,0.000,3.0,0,0,4,0,2,0,0.00,0.67
676391,Ernie Clement,TOR,28,28,2,0,1,1,8,0,0,0,0.286,0.0,0,0,0,0,0,0,0.00,0.00
681799,Ethan Roberts,CHC,0,0,0,0,0,0,0,0,0,0,0.000,1.1,0,0,0,0,2,0,0.00,1.50
553993,Eugenio Suárez,CIN,23,22,3,1,3,0,6,1,0,0,0.304,0.0,0,0,0,0,0,0,0.00,0.00
691587,Eury Pérez,MIA,0,0,0,0,0,0,0,0,0,0,0.000,4.0,0,0,4,4,2,6,9.00,2.00
694497,Evan Carter,TEX,23,20,3,0,0,1,6,3,0,0,0.391,0.0,0,0,0,0,0,0,0.00,0.00
677592,Everson Pereira,CWS,6,6,2,0,0,0,2,0,0,0,0.333,0.0,0,0,0,0,0,0,0.00,0.00
677649,Ezequiel Duran,TEX,8,8,1,1,2,0,2,0,0,0,0.250,0.0,0,0,0,0,0,0,0.00,0.00
678662,Ezequiel Tovar,COL,26,25,2,0,3,1,7,1,0,0,0.308,0.0,0,0,0,0,0,0,0.00,0.00
518585,Fernando Cruz,NYY,0,0,0,0,0,0,0,0,0,0,0.000,2.2,0,0,6,1,0,1,3.38,0.38
665487,Fernando Tatis Jr.,SD,27,22,3,0,2,1,5,4,0,1,0.333,0.0,0,0,0,0,0,0,0.00,0.00
656492,Foster Griffin,WSH,0,0,0,0,0,0,0,0,0,0,0.000,10.0,1,0,11,3,10,3,2.70,1.30
664285,Framber Valdez,DET,0,0,0,0,0,0,0,0,0,0,0.000,6.0,1,0,5,0,3,2,0.00,0.83
682626,Francisco Alvarez,NYM,21,18,2,2,2,0,5,1,0,0,0.316,0.0,0,0,0,0,0,0,0.00,0.00
596019,Francisco Lindor,NYM,33,26,3,0,0,1,3,6,1,0,0.303,0.0,0,0,0,0,0,0,0.00,0.00
518692,Freddie Freeman,LAD,27,26,4,2,8,0,6,0,1,0,0.259,0.0,0,0,0,0,0,0,0.00,0.00
666023,Freddy Fermin,SD,12,11,1,0,1,0,1,1,0,0,0.167,0.0,0,0,0,0,0,0,0.00,0.00
642547,Freddy Peralta,NYM,0,0,0,0,0,0,0,0,0,0,0.000,5.1,0,0,7,1,3,2,1.69,0.94
642100,Gabe Speier,SEA,0,0,0,0,0,0,0,0,0,0,0.000,2.2,0,1,3,0,1,1,0.00,0.75
672356,Gabriel Arias,CLE,24,22,2,2,6,0,6,2,0,0,0.333,0.0,0,0,0,0,0,0,0.00,0.00
672515,Gabriel Moreno,AZ,24,22,3,0,2,0,5,2,0,0,0.292,0.0,0,0,0,0,0,0,0.00,0.00
664076,Garrett Cleavinger,TB,0,0,0,0,0,0,0,0,0,0,0.000,1.0,1,0,2,0,0,2,0.00,2.00
676979,Garrett Crochet,BOS,0,0,0,0,0,0,0,0,0,0,0.000,5.0,0,0,7,4,6,0,7.20,1.20
669003,Garrett Mitchell,MIL,22,21,2,1,9,1,6,1,0,0,0.318,0.0,0,0,0,0,0,0,0.00,0.00
676477,Garrett Whitlock,BOS,0,0,0,0,0,0,0,0,0,0,0.000,1.0,0,0,1,0,1,2,0.00,3.00
596142,Gary Sánchez,MIL,16,13,3,2,3,0,2,3,0,0,0.312,0.0,0,0,0,0,0,0,0.00,0.00
657757,Gavin Sheets,SD,14,13,4,0,2,1,6,1,0,0,0.500,0.0,0,0,0,0,0,0,0.00,0.00
668909,Gavin Williams,CLE,0,0,0,0,0,0,0,0,0,0,0.000,7.0,1,0,10,0,2,3,0.00,0.71
669923,George Kirby,SEA,0,0,0,0,0,0,0,0,0,0,0.000,6.0,0,0,6,4,5,3,6.00,1.33
691946,George Klassen,LAA,0,0,0,0,0,0,0,0,0,0,0.000,2.2,0,0,4,2,3,5,6.75,3.00
666277,George Soriano,STL,0,0,0,0,0,0,0,0,0,0,0.000,3.0,0,0,0,2,3,3,6.00,2.00
543807,George Springer,TOR,34,28,1,1,1,2,5,6,0,0,0.324,0.0,0,0,0,0,0,0,0.00,0.00
672695,Geraldo Perdomo,AZ,26,21,1,0,1,0,2,3,0,1,0.200,0.0,0,0,0,0,0,0,0.00,0.00
608566,Germán Márquez,SD,0,0,0,0,0,0,0,0,0,0,0.000,3.0,0,0,1,4,8,1,12.00,3.00
519317,Giancarlo Stanton,NYY,23,21,1,0,4,1,7,2,0,0,0.391,0.0,0,0,0,0,0,0,0.00,0.00
650402,Gleyber Torres,DET,27,23,4,1,1,0,5,4,0,0,0.333,0.0,0,0,0,0,0,0,0.00,0.00
700669,Gordon Graceffo,STL,0,0,0,0,0,0,0,0,0,0,0.000,2.2,1,0,0,0,0,2,0.00,0.75
668933,Graham Ashcraft,CIN,0,0,0,0,0,0,0,0,0,0,0.000,4.1,0,0,8,1,3,1,2.08,0.92
688363,Graham Pauley,MIA,13,12,2,0,3,0,3,0,0,0,0.250,0.0,0,0,0,0,0,0,0.00,0.00
681982,Grant Anderson,MIL,0,0,0,0,0,0,0,0,0,0,0.000,2.2,0,0,3,2,3,1,6.75,1.50
656550,Grant Holmes,ATL,0,0,0,0,0,0,0,0,0,0,0.000,6.0,0,0,4,0,1,3,0.00,0.67
691799,Grant Taylor,CWS,0,0,0,0,0,0,0,0,0,0,0.000,3.0,0,0,3,0,0,0,0.00,0.00
664991,Grant Wolfram,BAL,0,0,0,0,0,0,0,0,0,0,0.000,2.1,0,0,4,2,4,0,7.71,1.71
669711,Greg Weissert,BOS,0,0,0,0,0,0,0,0,0,0,0.000,3.0,0,0,5,2,2,0,6.00,0.67
642397,Gregory Soto,PIT,0,0,0,0,0,0,0,0,0,0,0.000,3.0,0,1,6,1,2,1,3.00,1.00
665052,Griffin Conine,MIA,12,10,4,1,2,0,3,1,1,0,0.417,0.0,0,0,0,0,0,0,0.00,0.00
643377,Griffin Jax,TB,0,0,0,0,0,0,0,0,0,0,0.000,3.0,0,0,1,3,5,2,9.00,2.33
683002,Gunnar Henderson,BAL,28,25,4,2,6,0,7,3,0,0,0.357,0.0,0,0,0,0,0,0,0.00,0.00
681402,Gus Varland,WSH,0,0,0,0,0,0,0,0,0,0,0.000,1.2,0,0,3,1,4,1,5.40,3.00
664056,Harrison Bader,SF,27,24,3,1,3,0,3,2,0,1,0.185,0.0,0,0,0,0,0,0,0.00,0.00
671218,Heliot Ramos,SF,30,29,3,0,2,0,5,1,0,0,0.200,0.0,0,0,0,0,0,0,0.00,0.00
680779,Henry Davis,PIT,14,13,2,0,1,0,2,0,1,0,0.214,0.0,0,0,0,0,0,0,0.00,0.00
681715,Heriberto Hernández,MIA,19,16,2,0,4,0,3,3,0,0,0.316,0.0,0,0,0,0,0,0,0.00,0.00
571948,Hoby Milner,CHC,0,0,0,0,0,0,0,0,0,0,0.000,3.0,0,0,0,0,2,0,0.00,0.67
663687,Hogan Harris,ATH,0,0,0,0,0,0,0,0,0,0,0.000,5.1,0,0,5,3,5,6,5.06,2.06
623211,Huascar Brazobán,NYM,0,0,0,0,0,0,0,0,0,0,0.000,3.0,1,0,2,0,2,0,0.00,0.67
682995,Hunter Barco,PIT,0,0,0,0,0,0,0,0,0,0,0.000,4.1,0,0,4,2,4,4,4.15,1.85
685801,Hunter Bigge,TB,0,0,0,0,0,0,0,0,0,0,0.000,0.2,0,0,1,0,0,1,0.00,1.50
686613,Hunter Brown,HOU,0,0,0,0,0,0,0,0,0,0,0.000,6.0,1,0,8,1,1,2,1.50,0.50
676439,Hunter Feduccia,TB,6,5,0,0,1,0,2,1,0,0,0.500,0.0,0,0,0,0,0,0,0.00,0.00
696100,Hunter Goodman,COL,26,24,4,1,2,0,5,2,0,0,0.269,0.0,0,0,0,0,0,0,0.00,0.00
640451,Hunter Harvey,CHC,0,0,0,0,0,0,0,0,0,0,0.000,2.0,0,0,3,3,3,1,13.50,2.00
808975,Hyeseong Kim,LAD,0,0,0,0,0,0,0,0,0,0,0.000,0.0,0,0,0,0,0,0,0.00,0.00
664023,Ian Happ,CHC,32,29,5,3,5,0,6,3,0,0,0.281,0.0,0,0,0,0,0,0,0.00,0.00
693855,Ian Seymour,TB,0,0,0,0,0,0,0,0,0,0,0.000,2.2,0,0,3,0,1,0,0.00,0.38
545121,Ildemaro Vargas,AZ,12,11,2,1,4,0,6,1,0,0,0.583,0.0,0,0,0,0,0,0,0.00,0.00
686555,Isaac Collins,KC,26,21,6,1,4,0,7,4,1,0,0.462,0.0,0,0,0,0,0,0,0.00,0.00
676755,Isaac Mattson,PIT,0,0,0,0,0,0,0,0,0,0,0.000,3.1,0,0,2,0,2,2,0.00,1.20
670623,Isaac Paredes,HOU,8,6,1,0,1,0,2,0,2,0,0.500,0.0,0,0,0,0,0,0,0.00,0.00
643396,Isiah Kiner-Falefa,BOS,3,2,1,0,0,0,0,1,0,0,0.333,0.0,0,0,0,0,0,0,0.00,0.00
671056,Iván Herrera,STL,26,18,2,0,4,0,6,7,1,0,0.538,0.0,0,0,0,0,0,0,0.00,0.00
641555,J.C. Escarra,NYY,6,6,0,0,0,0,0,0,0,0,0.000,0.0,0,0,0,0,0,0,0.00,0.00
641487,J.P. Crawford,SEA,13,10,1,0,0,0,1,3,0,0,0.308,0.0,0,0,0,0,0,0,0.00,0.00
669372,J.T. Ginn,ATH,0,0,0,0,0,0,0,0,0,0,0.000,3.1,0,0,2,4,5,1,10.80,1.80
592663,J.T. Realmuto,PHI,16,13,2,1,1,0,3,2,1,0,0.375,0.0,0,0,0,0,0,0,0.00,0.00
802139,JJ Wetherholt,STL,24,20,6,0,0,1,5,3,1,0,0.375,0.0,0,0,0,0,0,0,0.00,0.00
664141,JT Brubaker,SF,0,0,0,0,0,0,0,0,0,0,0.000,4.1,0,0,3,3,6,3,6.23,2.08
695506,Jac Caglianone,KC,28,24,3,0,0,0,6,3,1,0,0.357,0.0,0,0,0,0,0,0,0.00,0.00
676263,Jack Dreyer,LAD,0,0,0,0,0,0,0,0,0,0,0.000,2.1,1,0,3,0,0,2,0.00,0.86
656427,Jack Flaherty,DET,0,0,0,0,0,0,0,0,0,0,0.000,4.0,0,0,6,5,3,4,11.25,1.75
686799,Jack Kochanowicz,LAA,0,0,0,0,0,0,0,0,0,0,0.000,5.2,1,0,7,0,4,2,0.00,1.06
683004,Jack Leiter,TEX,0,0,0,0,0,0,0,0,0,0,0.000,11.0,1,0,17,3,9,2,2.45,1.00
701538,Jackson Merrill,SD,22,21,6,2,5,0,6,1,0,0,0.318,0.0,0,0,0,0,0,0,0.00,0.00
656641,Jacob Latz,TEX,0,0,0,0,0,0,0,0,0,0,0.000,3.0,0,0,3,0,0,1,0.00,0.33
682052,Jacob Lopez,ATH,0,0,0,0,0,0,0,0,0,0,0.000,8.1,0,0,6,6,9,10,6.48,2.28
694819,Jacob Misiorowski,MIL,0,0,0,0,0,0,0,0,0,0,0.000,6.0,0,0,7,2,4,2,3.00,1.00
657097,Jacob Webb,CHC,0,0,0,0,0,0,0,0,0,0,0.000,2.0,0,0,1,6,7,3,27.00,5.00
805779,Jacob Wilson,ATH,25,25,1,0,3,0,7,0,0,0,0.280,0.0,0,0,0,0,0,0,0.00,0.00
696285,Jacob Young,WSH,12,10,2,0,1,1,3,2,0,0,0.417,0.0,0,0,0,0,0,0,0.00,0.00
594798,Jacob deGrom,TEX,0,0,0,0,0,0,0,0,0,0,0.000,4.2,0,0,7,3,6,0,5.79,1.29
677955,Jaden Hill,COL,0,0,0,0,0,0,0,0,0,0,0.000,2.2,0,0,3,0,1,2,0.00,1.12
663330,Jahmai Jones,DET,2,2,0,0,0,0,0,0,0,0,0.000,0.0,0,0,0,0,0,0,0.00,0.00
641343,Jake Bauers,MIL,24,22,4,1,2,2,4,2,0,0,0.250,0.0,0,0,0,0,0,0,0.00,0.00
656234,Jake Bird,NYY,0,0,0,0,0,0,0,0,0,0,0.000,2.0,0,0,2,3,1,1,13.50,1.00
669394,Jake Burger,TEX,26,24,2,0,2,0,6,1,1,0,0.308,0.0,0,0,0,0,0,0,0.00,0.00
630105,Jake Cronenworth,SD,23,21,2,0,0,0,1,2,0,0,0.130,0.0,0,0,0,0,0,0,0.00,0.00
641584,Jake Fraley,TB,16,13,1,0,0,0,4,3,0,0,0.438,0.0,0,0,0,0,0,0,0.00,0.00
663623,Jake Irvin,WSH,0,0,0,0,0,0,0,0,0,0,0.000,4.0,0,0,4,6,8,2,13.50,2.50
663968,Jake Mangum,PIT,15,14,2,0,1,0,4,1,0,0,0.333,0.0,0,0,0,0,0,0,0.00,0.00
664983,Jake McCarthy,COL,12,12,1,0,1,2,2,0,0,0,0.167,0.0,0,0,0,0,0,0,0.00,0.00
676694,Jake Meyers,HOU,27,22,3,1,2,0,5,3,1,1,0.333,0.0,0,0,0,0,0,0,0.00,0.00
668670,Jake Rogers,DET,3,3,1,0,1,0,1,0,0,0,0.333,0.0,0,0,0,0,0,0,0.00,0.00
596001,Jakob Junis,TEX,0,0,0,0,0,0,0,0,0,0,0.000,3.0,0,0,2,0,1,0,0.00,0.33
805300,Jakob Marsee,MIA,28,23,4,0,2,0,3,4,0,1,0.250,0.0,0,0,0,0,0,0,0.00,0.00
656222,Jalen Beeks,TEX,0,0,0,0,0,0,0,0,0,0,0.000,2.1,0,0,1,0,3,0,0.00,1.29
543510,James McCann,AZ,10,9,1,0,0,0,1,1,0,0,0.200,1.0,0,0,0,5,7,0,45.00,7.00
681546,James Outman,MIN,6,6,1,0,0,2,0,0,0,0,0.000,0.0,0,0,0,0,0,0,0.00,0.00
695578,James Wood,WSH,31,27,5,1,5,0,4,4,0,0,0.258,0.0,0,0,0,0,0,0,0.00,0.00
592791,Jameson Taillon,CHC,0,0,0,0,0,0,0,0,0,0,0.000,4.2,0,0,3,0,2,4,0.00,1.29
676083,Janson Junk,MIA,0,0,0,0,0,0,0,0,0,0,0.000,4.1,0,0,5,2,5,1,4.15,1.38
657649,Jared Koenig,MIL,0,0,0,0,0,0,0,0,0,0,0.000,1.2,0,0,1,0,5,4,0.00,5.40
666931,Jared Oliva,SF,0,0,1,0,0,1,0,0,0,0,0.000,0.0,0,0,0,0,0,0,0.00,0.00
669707,Jared Triolo,PIT,11,10,1,0,1,0,3,1,0,0,0.364,0.0,0,0,0,0,0,0,0.00,0.00
676724,Jared Young,NYM,14,12,2,0,1,0,5,2,0,0,0.500,0.0,0,0,0,0,0,0,0.00,0.00
680776,Jarren Duran,BOS,21,20,4,0,3,0,4,1,0,0,0.238,0.0,0,0,0,0,0,0,0.00,0.00
595879,Javier Báez,DET,14,13,1,0,3,1,3,0,0,1,0.214,0.0,0,0,0,0,0,0,0.00,0.00
691594,Javier Sanoja,MIA,14,14,0,0,4,0,4,0,0,0,0.286,0.0,0,0,0,0,0,0,0.00,0.00
665862,Jazz Chisholm Jr.,NYY,26,25,1,0,3,3,5,1,0,0,0.231,0.0,0,0,0,0,0,0,0.00,0.00
699151,Jedixson Paez,CWS,0,0,0,0,0,0,0,0,0,0,0.000,1.1,0,0,0,3,2,1,20.25,2.25
656546,Jeff Hoffman,TOR,0,0,0,0,0,0,0,0,0,0,0.000,3.1,0,0,6,0,5,0,0.00,1.50
643446,Jeff McNeil,ATH,17,15,1,0,1,0,3,2,0,0,0.294,0.0,0,0,0,0,0,0,0.00,0.00
605488,Jeffrey Springs,ATH,0,0,0,0,0,0,0,0,0,0,0.000,6.0,1,0,7,1,2,1,1.50,0.50
600869,Jeimer Candelario,LAA,12,12,2,0,0,0,2,0,0,0,0.167,0.0,0,0,0,0,0,0,0.00,0.00
666464,Jerar Encarnacion,SF,10,10,1,0,0,0,3,0,0,0,0.300,0.0,0,0,0,0,0,0,0.00,0.00
669093,Jeremiah Estrada,SD,0,0,0,0,0,0,0,0,0,0,0.000,4.0,1,0,5,0,1,0,0.00,0.25
669236,Jeremiah Jackson,BAL,15,14,0,0,3,0,2,0,0,1,0.133,0.0,0,0,0,0,0,0,0.00,0.00
665161,Jeremy Peña,HOU,14,12,2,0,0,0,4,2,0,0,0.429,0.0,0,0,0,0,0,0,0.00,0.00
666200,Jesús Luzardo,PHI,0,0,0,0,0,0,0,0,0,0,0.000,6.2,1,0,11,1,5,0,1.35,0.75
660821,Jesús Sánchez,TOR,25,23,1,0,1,0,5,1,1,0,0.280,0.0,0,0,0,0,0,0,0.00,0.00
661395,Jhoan Duran,PHI,0,0,0,0,0,0,0,0,0,0,0.000,3.0,1,2,4,0,1,0,0.00,0.33
623474,Jimmy Herget,COL,0,0,0,0,0,0,0,0,0,0,0.000,2.1,0,1,2,0,0,0,0.00,0.00
666176,Jo Adell,LAA,22,22,2,0,2,0,4,0,0,0,0.182,0.0,0,0,0,0,0,0,0.00,0.00
668941,JoJo Romero,STL,0,0,0,0,0,0,0,0,0,0,0.000,4.0,0,0,3,0,0,1,0.00,0.25
592626,Joc Pederson,TEX,18,15,1,1,2,0,1,2,0,1,0.167,0.0,0,0,0,0,0,0,0.00,0.00
671212,Joe Boyle,TB,0,0,0,0,0,0,0,0,0,0,0.000,5.1,0,0,9,2,4,3,3.38,1.31
573009,Joe Mantiply,TOR,0,0,0,0,0,0,0,0,0,0,0.000,1.1,0,0,3,0,0,0,0.00,0.00
605452,Joe Ross,AZ,0,0,0,0,0,0,0,0,0,0,0.000,2.2,0,0,2,8,7,4,27.00,4.12
657746,Joe Ryan,MIN,0,0,0,0,0,0,0,0,0,0,0.000,4.0,0,0,3,5,9,0,11.25,2.25
606303,Joel Payamps,ATL,0,0,0,0,0,0,0,0,0,0,0.000,1.0,0,0,2,1,2,0,9.00,2.00
663698,Joey Bart,PIT,6,5,1,0,0,0,0,1,0,0,0.167,0.0,0,0,0,0,0,0,0.00,0.00
676282,Joey Cantillo,CLE,0,0,0,0,0,0,0,0,0,0,0.000,5.1,0,0,6,1,4,2,1.69,1.12
694388,Joey Loperfido,HOU,17,13,3,0,3,1,4,4,0,0,0.471,0.0,0,0,0,0,0,0,0.00,0.00
664192,Joey Lucchesi,LAA,0,0,0,0,0,0,0,0,0,0,0.000,2.0,0,0,2,0,1,2,0.00,1.50
687401,Joey Ortiz,MIL,20,19,2,0,0,2,3,1,0,0,0.200,0.0,0,0,0,0,0,0,0.00,0.00
686894,Joey Wiemer,WSH,18,15,4,0,0,0,4,3,0,0,0.389,0.0,0,0,0,0,0,0,0.00,0.00
670912,Johan Oviedo,BOS,0,0,0,0,0,0,0,0,0,0,0.000,3.2,0,0,3,4,6,1,9.82,1.91
667463,John King,MIA,0,0,0,0,0,0,0,0,0,0,0.000,2.0,1,0,1,0,0,1,0.00,0.50
670167,John Schreiber,KC,0,0,0,0,0,0,0,0,0,0,0.000,3.0,0,1,1,1,2,4,3.00,2.00
641680,Jonah Heim,ATL,6,5,0,0,0,0,0,1,0,0,0.167,0.0,0,0,0,0,0,0,0.00,0.00
666018,Jonathan Aranda,TB,27,24,1,1,3,0,2,3,0,0,0.185,0.0,0,0,0,0,0,0,0.00,0.00
680742,Jonathan Bowlan,PHI,0,0,0,0,0,0,0,0,0,0,0.000,2.0,0,0,2,3,5,0,13.50,2.50
663697,Jonathan India,KC,24,21,8,1,5,0,7,2,1,0,0.417,0.0,0,0,0,0,0,0,0.00,0.00
642528,Jonathan Loáisiga,AZ,0,0,0,0,0,0,0,0,0,0,0.000,3.0,0,1,1,1,5,0,3.00,1.67
676356,Jonny DeLuca,TB,10,9,2,1,1,0,1,1,0,0,0.200,0.0,0,0,0,0,0,0,0.00,0.00
678391,Jorbit Vivas,WSH,18,13,4,0,1,0,6,3,1,1,0.556,0.0,0,0,0,0,0,0,0.00,0.00
687597,Jordan Beck,COL,16,15,1,0,0,1,0,1,0,0,0.062,0.0,0,0,0,0,0,0,0.00,0.00
663855,Jordan Hicks,CWS,0,0,0,0,0,0,0,0,0,0,0.000,2.2,0,1,1,0,0,2,0.00,0.75
691783,Jordan Lawlar,AZ,13,11,3,1,2,1,5,1,1,0,0.538,0.0,0,0,0,0,0,0,0.00,0.00
673929,Jordan Leasure,CWS,0,0,0,0,0,0,0,0,0,0,0.000,4.1,0,0,4,5,5,2,10.38,1.62
605447,Jordan Romano,LAA,0,0,0,0,0,0,0,0,0,0,0.000,2.2,0,2,4,0,0,1,0.00,0.38
691023,Jordan Walker,STL,22,20,1,1,5,1,5,2,0,0,0.318,0.0,0,0,0,0,0,0,0.00,0.00
678489,Jorge Barrosa,AZ,10,10,2,0,0,0,2,0,0,0,0.200,0.0,0,0,0,0,0,0,0.00,0.00
622761,Jorge Mateo,ATL,5,4,4,1,2,1,3,1,0,0,0.800,0.0,0,0,0,0,0,0,0.00,0.00
593871,Jorge Polanco,NYM,22,22,0,0,0,0,5,0,0,0,0.227,0.0,0,0,0,0,0,0,0.00,0.00
624585,Jorge Soler,LAA,24,21,2,0,3,0,4,2,0,1,0.250,0.0,0,0,0,0,0,0,0.00,0.00
678606,Jose A. Ferrer,SEA,0,0,0,0,0,0,0,0,0,0,0.000,2.1,0,0,3,2,5,0,7.71,2.14
514888,Jose Altuve,HOU,26,19,8,2,4,0,8,7,0,0,0.577,0.0,0,0,0,0,0,0,0.00,0.00
699912,Jose Fernandez,AZ,16,16,2,2,4,1,4,0,0,0,0.250,0.0,0,0,0,0,0,0,0.00,0.00
683742,Jose Franco,CIN,0,0,0,0,0,0,0,0,0,0,0.000,1.2,0,0,0,0,3,0,0.00,1.80
624431,Jose Trevino,CIN,7,6,0,0,0,0,1,1,0,0,0.286,0.0,0,0,0,0,0,0,0.00,0.00
605137,Josh Bell,MIN,22,18,7,2,6,0,4,4,0,0,0.364,0.0,0,0,0,0,0,0,0.00,0.00
673962,Josh Jung,TEX,18,17,1,0,1,0,4,1,0,0,0.278,0.0,0,0,0,0,0,0,0.00,0.00
666139,Josh Lowe,LAA,17,14,1,0,0,1,1,1,1,0,0.188,0.0,0,0,0,0,0,0,0.00,0.00
647304,Josh Naylor,SEA,26,25,0,0,2,0,5,1,0,0,0.231,0.0,0,0,0,0,0,0,0.00,0.00
669701,Josh Smith,TEX,23,19,0,0,1,1,2,4,0,0,0.261,0.0,0,0,0,0,0,0,0.00,0.00
621237,José Alvarado,PHI,0,0,0,0,0,0,0,0,0,0,0.000,1.2,0,0,2,4,4,3,21.60,4.20
676130,José Buttó,SF,0,0,0,0,0,0,0,0,0,0,0.000,1.1,0,0,3,4,4,4,27.00,6.00
676609,José Caballero,NYY,22,19,2,0,0,2,1,2,1,0,0.182,0.0,0,0,0,0,0,0,0.00,0.00
665877,José Fermín,STL,2,2,0,0,0,0,0,0,0,0,0.000,0.0,0,0,0,0,0,0,0.00,0.00
608070,José Ramírez,CLE,29,27,1,1,2,1,4,2,0,0,0.207,0.0,0,0,0,0,0,0,0.00,0.00
667755,José Soriano,LAA,0,0,0,0,0,0,0,0,0,0,0.000,6.0,1,0,4,0,2,2,0.00,0.67
660761,José Suarez,ATL,0,0,0,0,0,0,0,0,0,0,0.000,3.2,0,0,6,4,5,3,9.82,2.18
677588,José Tena,WSH,12,12,3,0,3,0,5,0,0,0,0.417,0.0,0,0,0,0,0,0,0.00,0.00
664353,José Urquidy,PIT,0,0,0,0,0,0,0,0,0,0,0.000,2.0,0,0,3,0,1,0,0.00,0.50
663558,Jovani Morán,BOS,0,0,0,0,0,0,0,0,0,0,0.000,2.0,0,0,2,1,1,0,4.50,0.50
675848,Juan Mejia,COL,0,0,0,0,0,0,0,0,0,0,0.000,2.1,0,0,1,2,5,1,7.71,2.57
666661,Juan Morillo,AZ,0,0,0,0,0,0,0,0,0,0,0.000,3.1,0,0,3,0,0,0,0.00,0.00
665742,Juan Soto,NYM,19,17,2,1,2,0,6,2,0,0,0.421,0.0,0,0,0,0,0,0,0.00,0.00
677594,Julio Rodríguez,SEA,26,24,2,0,1,0,5,2,0,0,0.269,0.0,0,0,0,0,0,0,0.00,0.00
808982,Jung Hoo Lee,SF,28,23,2,0,4,0,4,4,0,1,0.286,0.0,0,0,0,0,0,0,0.00,0.00
691406,Junior Caminero,TB,27,25,2,1,2,0,7,2,0,0,0.333,0.0,0,0,0,0,0,0,0.00,0.00
677865,Justin Bruihl,STL,0,0,0,0,0,0,0,0,0,0,0.000,3.0,0,0,1,1,2,2,3.00,1.33
702222,Justin Crawford,PHI,19,19,1,0,1,1,6,0,0,0,0.316,0.0,0,0,0,0,0,0,0.00,0.00
664875,Justin Lawrence,PIT,0,0,0,0,0,0,0,0,0,0,0.000,2.0,0,0,4,0,0,0,0.00,0.00
686580,Justin Slaten,BOS,0,0,0,0,0,0,0,0,0,0,0.000,2.0,0,0,2,0,1,0,0.00,0.50
686993,Justin Sterner,ATH,0,0,0,0,0,0,0,0,0,0,0.000,3.1,0,0,5,0,2,2,0.00,1.20
623437,Justin Topa,MIN,0,0,0,0,0,0,0,0,0,0,0.000,2.2,0,0,4,2,4,2,6.75,2.25
434378,Justin Verlander,DET,0,0,0,0,0,0,0,0,0,0,0.000,3.2,0,0,1,5,6,2,12.27,2.18
680736,Justin Wrobleski,LAD,0,0,0,0,0,0,0,0,0,0,0.000,4.0,0,0,2,3,4,1,6.75,1.25
678906,Kai-Wei Teng,HOU,0,0,0,0,0,0,0,0,0,0,0.000,3.1,0,0,4,1,3,0,2.70,0.90
672960,Kazuma Okamoto,TOR,29,26,1,1,2,0,4,3,0,0,0.241,0.0,0,0,0,0,0,0,0.00,0.00
663647,Ke'Bryan Hayes,CIN,18,16,0,0,0,0,3,2,0,0,0.278,0.0,0,0,0,0,0,0,0.00,0.00
676775,Keaton Winn,SF,0,0,0,0,0,0,0,0,0,0,0.000,2.1,0,0,4,3,4,1,11.57,2.14
660688,Keibert Ruiz,WSH,11,11,1,0,2,0,2,0,0,0,0.182,0.0,0,0,0,0,0,0,0.00,0.00
672456,Keider Montero,DET,0,0,0,0,0,0,0,0,0,0,0.000,4.1,0,0,3,2,3,1,4.15,0.92
686610,Ken Waldichuk,WSH,0,0,0,0,0,0,0,0,0,0,0.000,4.0,0,0,3,1,2,1,2.25,0.75
445276,Kenley Jansen,DET,0,0,0,0,0,0,0,0,0,0,0.000,0.2,0,0,2,1,1,1,13.50,3.00
681481,Kerry Carpenter,DET,24,20,2,2,6,0,6,3,0,1,0.375,0.0,0,0,0,0,0,0,0.00,0.00
606466,Ketel Marte,AZ,29,26,3,0,2,0,4,3,0,0,0.241,0.0,0,0,0,0,0,0,0.00,0.00
592332,Kevin Gausman,TOR,0,0,0,0,0,0,0,0,0,0,0.000,6.0,0,0,10,0,2,0,0.00,0.33
656464,Kevin Ginkel,AZ,0,0,0,0,0,0,0,0,0,0,0.000,2.1,0,0,2,3,4,1,11.57,2.14
687330,Kevin Kelly,TB,0,0,0,0,0,0,0,0,0,0,0.000,1.2,0,2,2,5,2,2,27.00,2.40
805808,Kevin McGonigle,DET,26,21,3,0,1,0,5,5,0,0,0.385,0.0,0,0,0,0,0,0,0.00,0.00
673540,Kodai Senga,NYM,0,0,0,0,0,0,0,0,0,0,0.000,11.2,0,0,16,4,9,5,3.09,1.20
665019,Kody Clemens,MIN,13,11,2,1,1,0,2,2,0,0,0.308,0.0,0,0,0,0,0,0,0.00,0.00
681892,Kody Funderburk,MIN,0,0,0,0,0,0,0,0,0,0,0.000,3.0,1,0,4,1,2,1,3.00,1.00
663465,Kolby Allard,CLE,0,0,0,0,0,0,0,0,0,0,0.000,2.2,0,0,5,1,2,1,3.38,1.12
804606,Konnor Griffin,PIT,12,9,1,0,1,0,1,2,1,0,0.333,0.0,0,0,0,0,0,0,0.00,0.00
663460,Kris Bubic,KC,0,0,0,0,0,0,0,0,0,0,0.000,11.0,1,0,12,5,6,6,4.09,1.09
677958,Kumar Rocker,TEX,0,0,0,0,0,0,0,0,0,0,0.000,5.0,0,0,3,2,6,1,3.60,1.40
679775,Kyle Backhus,PHI,0,0,0,0,0,0,0,0,0,0,0.000,1.2,0,0,3,0,0,0,0.00,0.00
680694,Kyle Bradish,BAL,0,0,0,0,0,0,0,0,0,0,0.000,4.0,0,0,6,4,6,3,9.00,2.25
571657,Kyle Farmer,ATL,2,1,0,0,1,0,1,0,0,1,0.500,0.0,0,0,0,0,0,0,0.00,0.00
640448,Kyle Finnegan,DET,0,0,0,0,0,0,0,0,0,0,0.000,2.1,0,0,1,0,1,3,0.00,1.71
607536,Kyle Freeland,COL,0,0,0,0,0,0,0,0,0,0,0.000,5.0,0,0,6,1,5,1,1.80,1.20
690986,Kyle Harrison,MIL,0,0,0,0,0,0,0,0,0,0,0.000,10.1,1,0,14,3,7,3,2.61,0.97
606996,Kyle Hart,SD,0,0,0,0,0,0,0,0,0,0,0.000,4.2,0,0,2,4,5,2,7.71,1.50
543309,Kyle Higashioka,TEX,8,6,1,0,0,0,1,2,0,0,0.375,0.0,0,0,0,0,0,0,0.00,0.00
664728,Kyle Isbel,KC,21,19,6,2,6,2,10,0,0,0,0.526,0.0,0,0,0,0,0,0,0.00,0.00
691720,Kyle Karros,COL,18,16,1,0,0,0,2,2,0,0,0.222,0.0,0,0,0,0,0,0,0.00,0.00
681517,Kyle Leahy,STL,0,0,0,0,0,0,0,0,0,0,0.000,10.0,1,0,5,6,13,5,5.40,1.80
700932,Kyle Manzardo,CLE,18,14,1,0,0,0,0,3,1,0,0.222,0.0,0,0,0,0,0,0,0.00,0.00
656941,Kyle Schwarber,PHI,28,19,3,2,4,0,4,7,2,0,0.464,0.0,0,0,0,0,0,0,0.00,0.00
663656,Kyle Tucker,LAD,24,22,5,1,4,0,7,2,0,0,0.375,0.0,0,0,0,0,0,0,0.00,0.00
669199,Lake Bachar,MIA,0,0,0,0,0,0,0,0,0,0,0.000,4.0,0,0,5,3,3,3,6.75,1.50
621121,Lance McCullers Jr.,HOU,0,0,0,0,0,0,0,0,0,0,0.000,11.0,1,0,13,4,9,4,3.27,1.18
694738,Landen Roupp,SF,0,0,0,0,0,0,0,0,0,0,0.000,10.2,1,0,14,5,9,3,4.22,1.12
657041,Lane Thomas,KC,11,9,1,0,1,0,1,2,0,0,0.273,0.0,0,0,0,0,0,0,0.00,0.00
671732,Lawrence Butler,ATH,22,21,4,1,4,0,5,1,0,0,0.273,0.0,0,0,0,0,0,0,0.00,0.00
681751,Lazaro Estrada,TOR,0,0,0,0,0,0,0,0,0,0,0.000,4.0,0,0,3,0,0,2,0.00,0.50
672820,Lenyn Sosa,CWS,11,11,1,0,1,0,2,0,0,0,0.182,0.0,0,0,0,0,0,0,0.00,0.00
677870,Leo Jiménez,MIA,5,5,0,0,0,0,2,0,0,0,0.400,0.0,0,0,0,0,0,0,0.00,0.00
660844,Leo Rivas,SEA,21,18,1,0,2,0,3,3,0,0,0.286,0.0,0,0,0,0,0,0,0.00,0.00
665750,Leody Taveras,BAL,12,8,1,0,3,0,4,4,0,0,0.667,0.0,0,0,0,0,0,0,0.00,0.00
689414,Liam Hicks,MIA,23,20,6,2,9,0,7,2,1,0,0.435,0.0,0,0,0,0,0,0,0.00,0.00
669302,Logan Gilbert,SEA,0,0,0,0,0,0,0,0,0,0,0.000,5.1,0,0,6,5,7,3,8.44,1.88
701656,Logan Henderson,MIL,0,0,0,0,0,0,0,0,0,0,0.000,4.0,0,0,6,4,6,2,9.00,2.00
681351,Logan O'Hoppe,LAA,18,15,1,0,3,0,3,2,0,1,0.278,0.0,0,0,0,0,0,0,0.00,0.00
657277,Logan Webb,SF,0,0,0,0,0,0,0,0,0,0,0.000,13.0,1,0,8,4,10,5,2.77,1.15
686973,Louis Varland,TOR,0,0,0,0,0,0,0,0,0,0,0.000,3.1,0,0,5,0,4,0,0.00,1.20
668674,Lucas Erceg,KC,0,0,0,0,0,0,0,0,0,0,0.000,1.2,0,1,1,2,3,1,10.80,2.40
608371,Lucas Sims,CWS,0,0,0,0,0,0,0,0,0,0,0.000,2.0,0,0,1,0,1,1,0.00,1.00
679883,Luinder Avila,KC,0,0,0,0,0,0,0,0,0,0,0.000,3.0,0,0,4,5,8,3,15.00,3.67
650333,Luis Arraez,SF,30,29,3,0,3,1,8,0,0,1,0.267,0.0,0,0,0,0,0,0,0.00,0.00
669134,Luis Campusano,SD,7,7,1,0,1,0,2,0,0,0,0.286,0.0,0,0,0,0,0,0,0.00,0.00
622491,Luis Castillo,SEA,0,0,0,0,0,0,0,0,0,0,0.000,9.2,0,0,11,3,9,3,2.79,1.24
472610,Luis García,NYM,0,0,0,0,0,0,0,0,0,0,0.000,1.0,0,0,1,0,1,0,0.00,1.00
671277,Luis García Jr.,WSH,26,26,3,1,6,0,9,0,0,0,0.346,0.0,0,0,0,0,0,0,0.00,0.00
682641,Luis Matos,MIL,6,4,0,0,0,0,1,2,0,0,0.500,0.0,0,0,0,0,0,0,0.00,0.00
665622,Luis Medina,ATH,0,0,0,0,0,0,0,0,0,0,0.000,4.0,0,0,5,1,3,2,2.25,1.25
806960,Luis Morales,ATH,0,0,0,0,0,0,0,0,0,0,0.000,3.0,0,0,0,5,8,6,15.00,4.67
650859,Luis Rengifo,MIL,18,17,2,0,0,0,4,1,0,0,0.278,0.0,0,0,0,0,0,0,0.00,0.00
673357,Luis Robert Jr.,NYM,24,19,3,0,1,2,5,5,0,0,0.417,0.0,0,0,0,0,0,0,0.00,0.00
622663,Luis Severino,ATH,0,0,0,0,0,0,0,0,0,0,0.000,3.1,0,0,7,4,4,5,10.80,2.70
620443,Luis Torrens,NYM,8,8,2,0,3,0,2,0,0,0,0.250,0.0,0,0,0,0,0,0,0.00,0.00
682668,Luisangel Acuña,CWS,26,22,4,0,0,5,7,1,1,0,0.375,0.0,0,0,0,0,0,0,0.00,0.00
807712,Luke Keaschall,MIN,26,25,2,0,2,1,6,1,0,0,0.269,0.0,0,0,0,0,0,0,0.00,0.00
670042,Luke Raley,SEA,15,14,1,0,0,0,2,0,1,0,0.200,0.0,0,0,0,0,0,0,0.00,0.00
596133,Luke Weaver,NYM,0,0,0,0,0,0,0,0,0,0,0.000,2.0,0,0,1,0,0,0,0.00,0.00
669022,MacKenzie Gore,TEX,0,0,0,0,0,0,0,0,0,0,0.000,6.0,0,0,9,3,6,0,4.50,1.00
672580,Maikel Garcia,KC,32,28,5,1,8,0,12,3,0,1,0.469,0.0,0,0,0,0,0,0,0.00,0.00
592518,Manny Machado,SD,24,19,4,1,3,0,4,5,0,0,0.375,0.0,0,0,0,0,0,0,0.00,0.00
542303,Marcell Ozuna,PIT,21,18,1,0,0,0,1,3,0,0,0.190,0.0,0,0,0,0,0,0,0.00,0.00
691785,Marcelo Mayer,BOS,19,15,3,1,3,0,2,2,0,1,0.222,0.0,0,0,0,0,0,0,0.00,0.00
543760,Marcus Semien,NYM,28,24,2,1,4,0,7,4,0,0,0.393,0.0,0,0,0,0,0,0,0.00,0.00
643410,Mark Leiter Jr.,ATH,0,0,0,0,0,0,0,0,0,0,0.000,3.0,0,1,1,0,4,1,0.00,1.67
668901,Mark Vientos,NYM,22,20,5,1,4,0,9,2,0,0,0.500,0.0,0,0,0,0,0,0,0.00,0.00
527048,Martín Pérez,ATL,0,0,0,0,0,0,0,0,0,0,0.000,9.1,0,0,4,4,7,1,3.86,0.86
807799,Masataka Yoshida,BOS,14,11,0,0,3,1,3,3,0,0,0.429,0.0,0,0,0,0,0,0,0.00,0.00
669438,Mason Englert,TB,0,0,0,0,0,0,0,0,0,0,0.000,2.0,0,0,1,1,2,0,4.50,1.00
689254,Mason Fluharty,TOR,0,0,0,0,0,0,0,0,0,0,0.000,2.1,0,0,3,1,3,1,3.86,1.71
695243,Mason Miller,SD,0,0,0,0,0,0,0,0,0,0,0.000,3.1,0,3,9,0,1,0,0.00,0.30
682254,Mason Montgomery,PIT,0,0,0,0,0,0,0,0,0,0,0.000,2.1,0,0,5,3,4,1,11.57,2.14
691026,Masyn Winn,STL,16,14,0,0,1,1,2,2,0,0,0.250,0.0,0,0,0,0,0,0,0.00,0.00
666374,Matt Brash,SEA,0,0,0,0,0,0,0,0,0,0,0.000,3.0,1,0,4,0,1,0,0.00,0.33
656305,Matt Chapman,SF,30,29,5,1,3,0,8,1,0,0,0.300,0.0,0,0,0,0,0,0,0.00,0.00
670036,Matt Festa,CLE,0,0,0,0,0,0,0,0,0,0,0.000,4.0,0,0,4,6,8,0,13.50,2.00
657424,Matt Gage,SF,0,0,0,0,0,0,0,0,0,0,0.000,2.2,0,0,2,0,2,1,0.00,1.12
680574,Matt McLain,CIN,27,24,2,0,0,1,4,2,1,0,0.259,0.0,0,0,0,0,0,0,0.00,0.00
621566,Matt Olson,ATL,31,26,5,2,6,0,8,5,0,0,0.419,0.0,0,0,0,0,0,0,0.00,0.00
807713,Matt Shaw,CHC,23,20,2,2,4,1,5,2,0,0,0.318,0.0,0,0,0,0,0,0,0.00,0.00
621381,Matt Strahm,KC,0,0,0,0,0,0,0,0,0,0,0.000,2.0,0,0,3,2,2,1,9.00,1.50
694335,Matt Svanson,STL,0,0,0,0,0,0,0,0,0,0,0.000,4.1,0,0,4,1,4,3,2.08,1.62
663837,Matt Vierling,DET,8,7,1,1,3,0,2,0,0,1,0.250,0.0,0,0,0,0,0,0,0.00,0.00
670242,Matt Wallner,MIN,26,26,5,3,3,0,6,0,0,0,0.231,0.0,0,0,0,0,0,0,0.00,0.00
571510,Matthew Boyd,CHC,0,0,0,0,0,0,0,0,0,0,0.000,5.2,1,0,10,1,2,2,1.59,0.71
669461,Matthew Liberatore,STL,0,0,0,0,0,0,0,0,0,0,0.000,6.0,0,0,2,1,3,1,1.50,0.67
643289,Mauricio Dubón,ATL,28,27,5,1,4,0,10,1,0,0,0.393,0.0,0,0,0,0,0,0,0.00,0.00
608331,Max Fried,NYY,0,0,0,0,0,0,0,0,0,0,0.000,13.2,1,0,10,3,8,4,1.98,0.88
676974,Max Meyer,MIA,0,0,0,0,0,0,0,0,0,0,0.000,4.2,0,0,6,2,3,3,3.86,1.29
571970,Max Muncy,LAD,20,19,4,1,1,0,5,1,0,0,0.300,0.0,0,0,0,0,0,0,0.00,0.00
691777,Max Muncy,ATH,24,23,6,1,3,0,9,1,0,0,0.417,0.0,0,0,0,0,0,0,0.00,0.00
453286,Max Scherzer,TOR,0,0,0,0,0,0,0,0,0,0,0.000,6.0,1,0,4,1,4,1,1.50,0.83
683737,Michael Busch,CHC,28,23,2,0,0,0,2,5,0,0,0.250,0.0,0,0,0,0,0,0,0.00,0.00
624424,Michael Conforto,CHC,6,5,0,0,0,0,1,1,0,0,0.333,0.0,0,0,0,0,0,0,0.00,0.00
671739,Michael Harris II,ATL,30,29,1,0,2,0,5,1,0,0,0.200,0.0,0,0,0,0,0,0,0.00,0.00
547184,Michael Kelly,ATH,0,0,0,0,0,0,0,0,0,0,0.000,3.0,0,0,3,2,4,4,6.00,2.67
650633,Michael King,SD,0,0,0,0,0,0,0,0,0,0,0.000,5.2,0,0,5,4,7,1,6.35,1.41
547179,Michael Lorenzen,COL,0,0,0,0,0,0,0,0,0,0,0.000,3.0,0,0,2,9,12,2,27.00,4.67
700241,Michael McGreevy,STL,0,0,0,0,0,0,0,0,0,0,0.000,4.2,0,0,4,3,7,0,5.79,1.50
656848,Michael Petersen,MIA,0,0,0,0,0,0,0,0,0,0,0.000,3.0,0,0,2,3,2,4,9.00,2.00
647336,Michael Soroka,AZ,0,0,0,0,0,0,0,0,0,0,0.000,10.0,2,0,13,1,8,4,0.90,1.20
690953,Mick Abel,MIN,0,0,0,0,0,0,0,0,0,0,0.000,4.0,0,0,3,4,6,3,9.00,2.25
666160,Mickey Moniak,COL,9,9,3,2,2,0,3,0,0,0,0.333,0.0,0,0,0,0,0,0,0.00,0.00
665804,Miguel Amaya,CHC,10,8,1,0,2,0,3,2,0,0,0.500,0.0,0,0,0,0,0,0,0.00,0.00
609280,Miguel Andujar,SD,17,16,2,0,1,0,5,1,0,0,0.353,0.0,0,0,0,0,0,0,0.00,0.00
500743,Miguel Rojas,LAD,14,13,0,0,1,0,2,0,0,1,0.143,0.0,0,0,0,0,0,0,0.00,0.00
678246,Miguel Vargas,CWS,30,24,8,1,7,3,6,4,1,1,0.367,0.0,0,0,0,0,0,0,0.00,0.00
681347,Mike Burrows,HOU,0,0,0,0,0,0,0,0,0,0,0.000,5.0,1,0,6,2,5,3,3.60,1.60
545361,Mike Trout,LAA,26,20,3,0,0,1,1,4,2,0,0.269,0.0,0,0,0,0,0,0,0.00,0.00
573262,Mike Yastrzemski,ATL,26,22,3,0,2,0,3,4,0,0,0.269,0.0,0,0,0,0,0,0,0.00,0.00
571945,Miles Mikolas,WSH,0,0,0,0,0,0,0,0,0,0,0.000,4.1,0,0,4,11,11,1,22.85,2.77
641598,Mitch Garver,SEA,8,5,0,0,0,0,0,3,0,0,0.375,0.0,0,0,0,0,0,0,0.00,0.00
656605,Mitch Keller,PIT,0,0,0,0,0,0,0,0,0,0,0.000,6.0,1,0,4,2,6,4,3.00,1.67
694208,Moisés Ballesteros,CHC,12,11,0,0,2,0,2,1,0,0,0.250,0.0,0,0,0,0,0,0,0.00,0.00
605141,Mookie Betts,LAD,19,17,4,1,3,0,3,2,0,0,0.263,0.0,0,0,0,0,0,0,0.00,0.00
808959,Munetaka Murakami,CWS,30,26,3,1,4,0,5,3,0,1,0.267,0.0,0,0,0,0,0,0,0.00,0.00
664702,Myles Straw,TOR,8,8,3,0,0,0,4,0,0,0,0.500,0.0,0,0,0,0,0,0,0.00,0.00
683083,Nasim Nuñez,WSH,18,17,2,0,0,3,4,1,0,0,0.278,0.0,0,0,0,0,0,0,0.00,0.00
701675,Nathan Church,STL,19,18,1,0,0,0,0,1,0,0,0.053,0.0,0,0,0,0,0,0,0.00,0.00
543135,Nathan Eovaldi,TEX,0,0,0,0,0,0,0,0,0,0,0.000,4.0,0,0,5,6,8,3,13.50,2.75
664770,Nathan Lukes,TOR,13,12,1,0,2,0,2,0,0,1,0.154,0.0,0,0,0,0,0,0,0.00,0.00
663993,Nathaniel Lowe,CIN,7,7,0,0,1,0,2,0,0,0,0.286,0.0,0,0,0,0,0,0,0.00,0.00
669397,Nick Allen,HOU,11,9,4,0,0,0,3,2,0,0,0.455,0.0,0,0,0,0,0,0,0.00,0.00
592206,Nick Castellanos,SD,11,10,0,0,2,0,2,1,0,0,0.273,0.0,0,0,0,0,0,0,0.00,0.00
663743,Nick Fortes,TB,18,17,2,1,4,0,5,0,1,0,0.333,0.0,0,0,0,0,0,0,0.00,0.00
693304,Nick Gonzales,PIT,17,15,3,0,2,1,5,2,0,0,0.412,0.0,0,0,0,0,0,0,0.00,0.00
701762,Nick Kurtz,ATH,23,18,1,0,0,1,3,5,0,0,0.348,0.0,0,0,0,0,0,0,0.00,0.00
679845,Nick Loftin,KC,7,5,1,0,0,0,1,2,0,0,0.429,0.0,0,0,0,0,0,0,0.00,0.00
607259,Nick Martinez,TB,0,0,0,0,0,0,0,0,0,0,0.000,12.0,0,0,7,3,7,1,2.25,0.67
683232,Nick Mears,KC,0,0,0,0,0,0,0,0,0,0,0.000,5.0,2,0,3,0,2,1,0.00,0.60
601713,Nick Pivetta,SD,0,0,0,0,0,0,0,0,0,0,0.000,5.0,1,0,8,0,1,2,0.00,0.60
694377,Nick Yorke,PIT,13,9,1,0,2,0,3,2,1,1,0.462,0.0,0,0,0,0,0,0,0.00,0.00
663538,Nico Hoerner,CHC,31,21,5,0,2,2,7,7,2,1,0.516,0.0,0,0,0,0,0,0,0.00,0.00
702070,Noah Cameron,KC,0,0,0,0,0,0,0,0,0,0,0.000,5.0,1,0,5,1,4,1,1.80,1.00
682622,Noelvi Marte,CIN,8,6,1,0,0,0,1,2,0,0,0.375,0.0,0,0,0,0,0,0,0.00,0.00
571448,Nolan Arenado,AZ,20,19,3,0,1,0,5,1,0,0,0.300,0.0,0,0,0,0,0,0,0.00,0.00
669357,Nolan Gorman,STL,22,19,3,1,3,0,3,2,0,1,0.227,0.0,0,0,0,0,0,0,0.00,0.00
690997,Nolan McLean,NYM,0,0,0,0,0,0,0,0,0,0,0.000,5.1,1,0,4,1,1,2,1.69,0.56
694384,Nolan Schanuel,LAA,22,21,0,0,2,0,4,0,0,1,0.182,0.0,0,0,0,0,0,0,0.00,0.00
665833,Oneil Cruz,PIT,27,25,7,4,10,0,9,1,1,0,0.407,0.0,0,0,0,0,0,0,0.00,0.00
674370,Osvaldo Bido,ATL,0,0,0,0,0,0,0,0,0,0,0.000,3.0,0,1,1,1,2,1,3.00,1.00
672724,Oswald Peraza,LAA,18,16,0,0,0,1,3,1,0,0,0.235,0.0,0,0,0,0,0,0,0.00,0.00
805249,Otto Kemp,PHI,5,5,0,0,0,0,1,0,0,0,0.200,0.0,0,0,0,0,0,0,0.00,0.00
672640,Otto Lopez,MIA,25,22,7,1,2,1,8,2,1,0,0.440,0.0,0,0,0,0,0,0,0.00,0.00
683357,Owen Caissie,MIA,20,17,2,1,5,0,3,2,0,1,0.250,0.0,0,0,0,0,0,0,0.00,0.00
645277,Ozzie Albies,ATL,31,29,4,1,2,0,8,2,0,0,0.323,0.0,0,0,0,0,0,0,0.00,0.00
676571,PJ Poulin,WSH,0,0,0,0,0,0,0,0,0,0,0.000,3.1,0,0,3,3,2,2,8.10,1.20
678009,Parker Meadows,DET,22,20,3,0,0,2,6,1,1,0,0.364,0.0,0,0,0,0,0,0,0.00,0.00
800048,Parker Messick,CLE,0,0,0,0,0,0,0,0,0,0,0.000,16.0,1,0,17,2,9,6,1.12,0.94
672275,Patrick Bailey,SF,20,18,3,0,1,1,3,2,0,0,0.250,0.0,0,0,0,0,0,0,0.00,0.00
621112,Paul Blackburn,NYY,0,0,0,0,0,0,0,0,0,0,0.000,3.0,0,0,2,1,6,1,3.00,2.33
502671,Paul Goldschmidt,NYY,5,4,2,1,3,0,1,1,0,0,0.400,0.0,0,0,0,0,0,0,0.00,0.00
623149,Paul Sewald,AZ,0,0,0,0,0,0,0,0,0,0,0.000,3.2,0,3,7,2,2,0,4.91,0.55
694973,Paul Skenes,PIT,0,0,0,0,0,0,0,0,0,0,0.000,5.0,1,0,5,1,3,2,1.80,1.00
686780,Pedro Pagés,STL,14,12,1,0,1,0,1,0,2,0,0.214,0.0,0,0,0,0,0,0,0.00,0.00
624413,Pete Alonso,BAL,26,24,2,1,2,0,5,2,0,0,0.269,0.0,0,0,0,0,0,0,0.00,0.00
691718,Pete Crow-Armstrong,CHC,27,25,3,0,1,1,5,1,0,0,0.231,0.0,0,0,0,0,0,0,0.00,0.00
664126,Pete Fairbanks,MIA,0,0,0,0,0,0,0,0,0,0,0.000,2.0,0,0,4,3,3,1,13.50,2.00
688883,Peyton Pallette,CLE,0,0,0,0,0,0,0,0,0,0,0.000,1.0,0,0,2,0,0,0,0.00,0.00
664208,Phil Maton,CHC,0,0,0,0,0,0,0,0,0,0,0.000,0.2,0,0,1,2,2,2,27.00,6.00
572955,Pierce Johnson,CIN,0,0,0,0,0,0,0,0,0,0,0.000,1.2,0,0,2,2,2,1,10.80,1.80
646240,Rafael Devers,SF,30,26,2,1,2,0,5,4,0,0,0.300,0.0,0,0,0,0,0,0,0.00,0.00
665561,Rafael Marchán,PHI,8,7,1,1,2,0,1,0,1,0,0.250,0.0,0,0,0,0,0,0,0.00,0.00
628452,Raisel Iglesias,ATL,0,0,0,0,0,0,0,0,0,0,0.000,4.0,0,1,2,0,1,0,0.00,0.25
657656,Ramón Laureano,SD,21,19,2,1,3,0,3,2,0,0,0.238,0.0,0,0,0,0,0,0,0.00,0.00
602104,Ramón Urías,STL,7,6,1,1,1,0,1,0,1,0,0.286,0.0,0,0,0,0,0,0,0.00,0.00
545341,Randal Grichuk,NYY,0,0,0,0,0,0,0,0,0,0,0.000,0.0,0,0,0,0,0,0,0.00,0.00
668227,Randy Arozarena,SEA,26,21,4,0,1,1,6,3,2,0,0.423,0.0,0,0,0,0,0,0,0.00,0.00
681190,Randy Vásquez,SD,0,0,0,0,0,0,0,0,0,0,0.000,6.0,0,0,3,1,6,1,1.50,1.17
624133,Ranger Suarez,BOS,0,0,0,0,0,0,0,0,0,0,0.000,8.1,0,0,5,8,13,3,8.64,1.92
624512,Reese McGuire,CWS,6,6,0,0,0,0,0,0,0,0,0.000,0.0,0,0,0,0,0,0,0.00,0.00
672282,Reid Detmers,LAA,0,0,0,0,0,0,0,0,0,0,0.000,6.2,0,0,4,0,3,4,0.00,1.05
625643,Reynaldo López,ATL,0,0,0,0,0,0,0,0,0,0,0.000,5.0,1,0,3,1,4,1,1.80,1.00
695076,Rhett Lowder,CIN,0,0,0,0,0,0,0,0,0,0,0.000,6.0,1,0,4,0,3,2,0.00,0.83
656555,Rhys Hoskins,CLE,18,12,2,0,1,0,1,6,0,0,0.389,0.0,0,0,0,0,0,0,0.00,0.00
663992,Richard Lovelady,NYM,0,0,0,0,0,0,0,0,0,0,0.000,3.0,0,0,3,2,4,2,6.00,2.00
680700,Richie Palacios,TB,12,7,4,1,2,2,3,3,2,0,0.667,0.0,0,0,0,0,0,0,0.00,0.00
670329,Rico Garcia,BAL,0,0,0,0,0,0,0,0,0,0,0.000,3.1,0,0,3,0,0,1,0.00,0.30
682985,Riley Greene,DET,25,23,4,0,4,0,7,2,0,0,0.360,0.0,0,0,0,0,0,0,0.00,0.00
676617,Riley O'Brien,STL,0,0,0,0,0,0,0,0,0,0,0.000,3.0,0,2,3,0,1,0,0.00,0.33
608701,Rob Refsnyder,SEA,12,10,0,0,0,0,0,2,0,0,0.167,0.0,0,0,0,0,0,0,0.00,0.00
592662,Robbie Ray,SF,0,0,0,0,0,0,0,0,0,0,0.000,5.1,1,0,7,2,3,3,3.38,1.12
676395,Robert Garcia,TEX,0,0,0,0,0,0,0,0,0,0,0.000,1.1,0,0,1,1,1,2,6.75,2.25
663158,Robert Suarez,ATL,0,0,0,0,0,0,0,0,0,0,0.000,4.0,1,0,4,0,2,0,0.00,0.50
682610,Roddery Muñoz,HOU,0,0,0,0,0,0,0,0,0,0,0.000,1.1,0,0,2,5,4,2,33.75,4.50
808963,Roki Sasaki,LAD,0,0,0,0,0,0,0,0,0,0,0.000,9.0,0,0,9,7,9,5,7.00,1.56
701350,Roman Anthony,BOS,22,21,2,1,1,0,4,1,0,0,0.227,0.0,0,0,0,0,0,0,0.00,0.00
676760,Ron Marinaccio,SD,0,0,0,0,0,0,0,0,0,0,0.000,3.0,0,0,3,0,0,0,0.00,0.00
660670,Ronald Acuña Jr.,ATL,31,24,1,0,2,2,6,6,0,1,0.387,0.0,0,0,0,0,0,0,0.00,0.00
668904,Royce Lewis,MIN,18,15,3,0,2,0,2,3,0,0,0.278,0.0,0,0,0,0,0,0,0.00,0.00
621366,Ryan Borucki,SF,0,0,0,0,0,0,0,0,0,0,0.000,2.0,0,0,1,1,3,0,4.50,1.50
663372,Ryan Feltner,COL,0,0,0,0,0,0,0,0,0,0,0.000,3.0,0,0,4,0,1,1,0.00,0.67
664854,Ryan Helsley,BAL,0,0,0,0,0,0,0,0,0,0,0.000,0.1,0,0,0,1,2,1,27.00,9.00
680777,Ryan Jeffers,MIN,21,17,4,0,0,0,3,3,0,0,0.300,0.0,0,0,0,0,0,0,0.00,0.00
696270,Ryan Johnson,LAA,0,0,0,0,0,0,0,0,0,0,0.000,3.1,0,0,2,6,7,4,16.20,3.30
641857,Ryan McMahon,NYY,19,15,1,0,0,0,1,4,0,0,0.263,0.0,0,0,0,0,0,0,0.00,0.00
663624,Ryan Mountcastle,BAL,1,1,0,0,0,0,0,0,0,0,0.000,0.0,0,0,0,0,0,0,0.00,0.00
656811,Ryan O'Hearn,PIT,22,16,3,2,8,0,5,5,0,1,0.455,0.0,0,0,0,0,0,0,0.00,0.00
690022,Ryan Ritter,COL,5,5,1,0,0,0,1,0,0,0,0.200,0.0,0,0,0,0,0,0,0.00,0.00
657044,Ryan Thompson,AZ,0,0,0,0,0,0,0,0,0,0,0.000,1.1,0,0,1,0,2,3,0.00,3.75
668723,Ryan Vilade,TB,6,5,0,0,0,0,0,1,0,0,0.167,0.0,0,0,0,0,0,0,0.00,0.00
676254,Ryan Walker,SF,0,0,0,0,0,0,0,0,0,0,0.000,1.2,0,1,2,2,1,1,10.80,1.20
670245,Ryan Watson,BOS,0,0,0,0,0,0,0,0,0,0,0.000,2.2,0,0,3,2,3,3,6.75,2.25
677960,Ryan Weathers,NYY,0,0,0,0,0,0,0,0,0,0,0.000,8.0,0,0,11,4,10,5,4.50,1.88
680802,Ryan Weiss,HOU,0,0,0,0,0,0,0,0,0,0,0.000,5.0,0,0,5,0,3,1,0.00,0.80
642232,Ryan Yarbrough,NYY,0,0,0,0,0,0,0,0,0,0,0.000,2.2,0,0,3,0,1,0,0.00,0.38
666171,Ryan Zeferjahn,LAA,0,0,0,0,0,0,0,0,0,0,0.000,2.2,0,0,6,2,1,2,6.75,1.12
669194,Ryne Nelson,AZ,0,0,0,0,0,0,0,0,0,0,0.000,4.2,0,0,3,2,3,3,3.86,1.29
592773,Ryne Stanek,STL,0,0,0,0,0,0,0,0,0,0,0.000,2.2,0,0,4,0,1,2,0.00,1.12
686217,Sal Frelick,MIL,20,18,0,0,0,0,4,1,1,0,0.300,0.0,0,0,0,0,0,0,0.00,0.00
701398,Sal Stewart,CIN,25,20,3,1,2,1,4,5,0,0,0.360,0.0,0,0,0,0,0,0,0.00,0.00
521692,Salvador Perez,KC,29,24,5,2,2,0,6,5,0,0,0.379,0.0,0,0,0,0,0,0,0.00,0.00
696147,Sam Bachman,LAA,0,0,0,0,0,0,0,0,0,0,0.000,2.2,0,0,2,1,3,0,3.38,1.12
664059,Sam Haggerty,TEX,3,3,0,0,0,0,1,0,0,0,0.333,0.0,0,0,0,0,0,0,0.00,0.00
594580,Sam Moll,CIN,0,0,0,0,0,0,0,0,0,0,0.000,2.1,1,0,3,0,0,1,0.00,0.43
694212,Samuel Basallo,BAL,17,17,1,1,1,0,2,0,0,0,0.118,0.0,0,0,0,0,0,0,0.00,0.00
645261,Sandy Alcantara,MIA,0,0,0,0,0,0,0,0,0,0,0.000,9.0,1,0,7,0,3,0,0.00,0.33
669289,Santiago Espinal,LAD,4,4,1,0,2,0,1,0,0,0,0.250,0.0,0,0,0,0,0,0,0.00,0.00
605130,Scott Barlow,ATH,0,0,0,0,0,0,0,0,0,0,0.000,1.0,0,0,0,4,2,2,36.00,4.00
664068,Scott Kingery,CHC,0,0,0,0,0,2,0,0,0,0,0.000,0.0,0,0,0,0,0,0,0.00,0.00
680732,Sean Burke,CWS,0,0,0,0,0,0,0,0,0,0,0.000,12.0,0,0,14,2,8,0,1.50,0.67
640455,Sean Manaea,NYM,0,0,0,0,0,0,0,0,0,0,0.000,3.2,0,0,2,1,4,2,2.45,1.64
656794,Sean Newcomb,CWS,0,0,0,0,0,0,0,0,0,0,0.000,4.1,0,0,5,1,5,2,2.08,1.62
622554,Seranthony Domínguez,CWS,0,0,0,0,0,0,0,0,0,0,0.000,3.2,2,1,5,0,1,1,0.00,0.55
607625,Seth Lugo,KC,0,0,0,0,0,0,0,0,0,0,0.000,10.0,0,0,14,4,8,4,3.60,1.20
669358,Shane Baz,BAL,0,0,0,0,0,0,0,0,0,0,0.000,5.2,0,0,5,0,3,3,0.00,1.06
663556,Shane McClanahan,TB,0,0,0,0,0,0,0,0,0,0,0.000,4.2,0,0,4,2,2,3,3.86,1.07
681343,Shane Smith,CWS,0,0,0,0,0,0,0,0,0,0,0.000,3.0,0,0,1,7,8,2,21.00,3.33
641312,Shaun Anderson,LAA,0,0,0,0,0,0,0,0,0,0,0.000,5.0,1,0,2,1,2,3,1.80,1.00
542888,Shawn Armstrong,CLE,0,0,0,0,0,0,0,0,0,0,0.000,5.0,2,0,6,2,6,2,3.60,1.60
694376,Shay Whitcomb,HOU,3,2,0,0,0,0,0,1,0,0,0.333,0.0,0,0,0,0,0,0,0.00,0.00
669127,Shea Langeliers,ATH,26,24,4,2,2,0,5,2,0,0,0.269,0.0,0,0,0,0,0,0,0.00,0.00
660271,Shohei Ohtani,LAD,30,25,3,2,6,0,8,3,0,2,0.367,6.0,1,0,6,0,1,3,0.00,0.67
684007,Shota Imanaga,CHC,0,0,0,0,0,0,0,0,0,0,0.000,10.0,0,0,8,2,6,2,1.80,0.80
680573,Simeon Woods Richardson,MIN,0,0,0,0,0,0,0,0,0,0,0.000,11.2,0,0,6,3,10,3,2.31,1.11
677944,Slade Cecconi,CLE,0,0,0,0,0,0,0,0,0,0,0.000,6.0,0,0,6,0,1,1,0.00,0.33
543243,Sonny Gray,BOS,0,0,0,0,0,0,0,0,0,0,0.000,6.0,1,0,3,2,4,0,3.00,0.67
687462,Spencer Horwitz,PIT,21,16,2,0,2,0,4,4,0,1,0.381,0.0,0,0,0,0,0,0,0.00,0.00
693686,Spencer Miles,TOR,0,0,0,0,0,0,0,0,0,0,0.000,3.2,0,0,4,3,5,1,7.36,1.64
668715,Spencer Steer,CIN,19,18,2,1,3,0,5,0,0,1,0.263,0.0,0,0,0,0,0,0,0.00,0.00
679529,Spencer Torkelson,DET,21,18,1,0,1,0,3,3,0,0,0.286,0.0,0,0,0,0,0,0,0.00,0.00
516782,Starling Marte,KC,7,7,1,0,0,0,2,0,0,0,0.286,0.0,0,0,0,0,0,0,0.00,0.00
674444,Steven Cruz,KC,0,0,0,0,0,0,0,0,0,0,0.000,3.2,0,0,4,3,3,2,7.36,1.36
680757,Steven Kwan,CLE,31,25,4,0,1,1,5,4,1,0,0.333,0.0,0,0,0,0,0,0,0.00,0.00
571927,Steven Matz,TB,0,0,0,0,0,0,0,0,0,0,0.000,6.0,1,0,8,1,2,2,1.50,0.67
595345,Steven Okert,HOU,0,0,0,0,0,0,0,0,0,0,0.000,1.1,0,0,1,2,1,1,13.50,1.50
670770,TJ Friedl,CIN,23,16,0,0,0,1,1,7,0,0,0.348,0.0,0,0,0,0,0,0,0.00,0.00
681198,TJ Rumfield,COL,21,20,2,1,4,0,8,1,0,0,0.429,0.0,0,0,0,0,0,0,0.00,0.00
592836,Taijuan Walker,PHI,0,0,0,0,0,0,0,0,0,0,0.000,9.2,0,0,6,10,17,5,9.31,2.28
671737,Taj Bradley,MIN,0,0,0,0,0,0,0,0,0,0,0.000,6.0,1,0,3,0,5,1,0.00,1.00
621383,Tanner Banks,PHI,0,0,0,0,0,0,0,0,0,0,0.000,2.2,0,0,3,1,3,0,3.38,1.12
676440,Tanner Bibee,CLE,0,0,0,0,0,0,0,0,0,0,0.000,4.0,0,0,4,1,4,2,2.25,1.50
695020,Tanner Murray,CWS,2,2,0,0,0,0,0,0,0,0,0.000,0.0,0,0,0,0,0,0,0.00,0.00
656945,Tanner Scott,LAD,0,0,0,0,0,0,0,0,0,0,0.000,3.1,0,0,5,1,4,0,2.70,1.20
669373,Tarik Skubal,DET,0,0,0,0,0,0,0,0,0,0,0.000,7.0,0,0,3,1,6,0,1.29,0.86
837227,Tatsuya Imai,HOU,0,0,0,0,0,0,0,0,0,0,0.000,5.2,1,0,9,0,3,3,0.00,1.06
664199,Taylor Clarke,AZ,0,0,0,0,0,0,0,0,0,0,0.000,4.1,0,0,5,0,1,0,0.00,0.23
688497,Taylor Rashi,AZ,0,0,0,0,0,0,0,0,0,0,0.000,1.0,1,0,0,0,0,0,0.00,0.00
573124,Taylor Rogers,MIN,0,0,0,0,0,0,0,0,0,0,0.000,3.0,0,0,2,2,3,2,6.00,1.67
621493,Taylor Ward,BAL,28,24,2,0,5,0,11,3,0,1,0.500,0.0,0,0,0,0,0,0,0.00,0.00
606192,Teoscar Hernández,LAD,20,19,4,1,3,0,9,1,0,0,0.500,0.0,0,0,0,0,0,0,0.00,0.00
695336,Thomas Saggese,STL,16,14,0,0,0,0,2,2,0,0,0.250,0.0,0,0,0,0,0,0,0.00,0.00
682120,Tim Herrin,CLE,0,0,0,0,0,0,0,0,0,0,0.000,1.0,0,0,2,0,0,0,0.00,0.00
657612,Tim Hill,NYY,0,0,0,0,0,0,0,0,0,0,0.000,2.1,0,0,0,0,0,0,0.00,0.00
641835,Tim Mayza,PHI,0,0,0,0,0,0,0,0,0,0,0.000,4.0,0,0,5,0,0,0,0.00,0.00
694374,Tim Tawa,AZ,11,10,0,0,0,0,1,1,0,0,0.182,0.0,0,0,0,0,0,0,0.00,0.00
668964,Tobias Myers,NYM,0,0,0,0,0,0,0,0,0,0,0.000,5.0,0,0,5,0,1,1,0.00,0.40
667297,Tommy Nance,TOR,0,0,0,0,0,0,0,0,0,0,0.000,2.0,0,0,2,1,1,2,4.50,1.50
608372,Tomoyuki Sugano,COL,0,0,0,0,0,0,0,0,0,0,0.000,10.2,1,0,9,2,6,3,1.69,0.84
663574,Tony Santillan,CIN,0,0,0,0,0,0,0,0,0,0,0.000,3.0,1,0,2,0,0,0,0.00,0.00
518595,Travis d'Arnaud,LAA,3,3,0,0,0,0,0,0,0,0,0.000,0.0,0,0,0,0,0,0,0.00,0.00
607208,Trea Turner,PHI,27,25,5,0,2,1,9,2,0,0,0.407,0.0,0,0,0,0,0,0,0.00,0.00
663757,Trent Grisham,NYY,27,20,5,0,2,0,3,7,0,0,0.370,0.0,0,0,0,0,0,0,0.00,0.00
663616,Trevor Larnach,MIN,10,6,0,0,1,0,1,4,0,0,0.500,0.0,0,0,0,0,0,0,0.00,0.00
656730,Trevor Megill,MIL,0,0,0,0,0,0,0,0,0,0,0.000,3.0,0,2,3,1,2,3,3.00,1.67
669432,Trevor Rogers,BAL,0,0,0,0,0,0,0,0,0,0,0.000,6.0,1,0,3,2,6,1,3.00,1.17
596115,Trevor Story,BOS,26,26,0,0,0,0,3,0,0,0,0.115,0.0,0,0,0,0,0,0,0.00,0.00
656484,Tristan Gray,MIN,13,10,1,1,5,0,2,2,0,1,0.308,0.0,0,0,0,0,0,0,0.00,0.00
671976,Tristan Peters,CWS,23,22,1,0,2,1,7,1,0,0,0.348,0.0,0,0,0,0,0,0,0.00,0.00
687859,Troy Johnston,COL,23,21,2,1,3,0,6,1,0,0,0.318,0.0,0,0,0,0,0,0,0.00,0.00
664034,Ty France,SD,5,5,0,0,0,0,1,0,0,0,0.200,0.0,0,0,0,0,0,0,0.00,0.00
641302,Tyler Alexander,TEX,0,0,0,0,0,0,0,0,0,0,0.000,3.0,0,1,3,1,3,2,3.00,1.67
671289,Tyler Freeman,COL,5,5,0,0,1,1,2,0,0,0,0.400,0.0,0,0,0,0,0,0,0.00,0.00
607192,Tyler Glasnow,LAD,0,0,0,0,0,0,0,0,0,0,0.000,6.0,1,0,9,2,4,2,3.00,1.00
623168,Tyler Heineman,TOR,8,8,1,0,0,0,3,0,0,0,0.375,2.0,0,0,0,5,7,1,22.50,4.00
663947,Tyler Holton,DET,0,0,0,0,0,0,0,0,0,0,0.000,3.0,0,0,2,0,1,2,0.00,1.00
641755,Tyler Kinley,ATL,0,0,0,0,0,0,0,0,0,0,0.000,3.0,0,0,2,0,1,1,0.00,0.67
641816,Tyler Mahle,SF,0,0,0,0,0,0,0,0,0,0,0.000,5.0,0,0,4,5,8,2,9.00,2.00
641933,Tyler O'Neill,BAL,14,13,2,0,0,0,1,0,1,0,0.143,0.0,0,0,0,0,0,0,0.00,0.00
663969,Tyler Phillips,MIA,0,0,0,0,0,0,0,0,0,0,0.000,2.0,0,0,3,0,1,2,0.00,1.50
643511,Tyler Rogers,TOR,0,0,0,0,0,0,0,0,0,0,0.000,4.0,0,0,1,0,4,2,0.00,1.50
691016,Tyler Soderstrom,ATH,25,21,5,0,5,0,5,4,0,0,0.360,0.0,0,0,0,0,0,0,0.00,0.00
663886,Tyler Stephenson,CIN,15,15,1,1,2,0,3,0,0,0,0.200,0.0,0,0,0,0,0,0,0.00,0.00
686475,Tyler Tolbert,KC,1,1,0,0,0,1,0,0,0,0,0.000,0.0,0,0,0,0,0,0,0.00,0.00
700413,Tyler Uberstine,BOS,0,0,0,0,0,0,0,0,0,0,0.000,2.2,0,0,2,1,3,1,3.38,1.50
669330,Tyler Wells,BAL,0,0,0,0,0,0,0,0,0,0,0.000,3.0,0,0,3,1,3,0,3.00,1.00
621438,Tyrone Taylor,NYM,13,13,2,1,4,0,2,0,0,0,0.154,0.0,0,0,0,0,0,0,0.00,0.00
678368,Valente Bellozo,COL,0,0,0,0,0,0,0,0,0,0,0.000,6.0,0,0,7,1,1,1,1.50,0.33
605170,Victor Caratini,MIN,16,14,0,0,1,0,2,1,1,0,0.250,0.0,0,0,0,0,0,0,0.00,0.00
645302,Victor Robles,SEA,10,10,0,0,0,0,1,0,0,0,0.100,0.0,0,0,0,0,0,0,0.00,0.00
687363,Victor Scott II,STL,21,19,2,0,1,0,4,0,0,0,0.211,0.0,0,0,0,0,0,0,0.00,0.00
680767,Victor Vodnik,COL,0,0,0,0,0,0,0,0,0,0,0.000,3.0,0,1,3,0,4,0,0.00,1.33
686469,Vinnie Pasquantino,KC,33,27,2,0,4,0,5,5,0,1,0.303,0.0,0,0,0,0,0,0,0.00,0.00
665489,Vladimir Guerrero Jr.,TOR,29,25,2,1,3,0,6,3,1,0,0.345,0.0,0,0,0,0,0,0,0.00,0.00
621111,Walker Buehler,SD,0,0,0,0,0,0,0,0,0,0,0.000,6.2,0,0,7,7,8,5,9.45,1.95
593974,Wandy Peralta,SD,0,0,0,0,0,0,0,0,0,0,0.000,2.2,0,0,2,2,4,0,6.75,1.50
666181,Will Benson,CIN,13,13,0,0,1,0,3,0,0,0,0.231,0.0,0,0,0,0,0,0,0.00,0.00
694361,Will Klein,LAD,0,0,0,0,0,0,0,0,0,0,0.000,1.2,0,0,1,1,1,2,5.40,1.80
669257,Will Smith,LAD,20,18,2,0,0,0,5,2,0,0,0.350,0.0,0,0,0,0,0,0,0.00,0.00
676684,Will Vest,DET,0,0,0,0,0,0,0,0,0,0,0.000,2.2,0,0,3,3,3,2,10.12,1.88
701542,Will Warren,NYY,0,0,0,0,0,0,0,0,0,0,0.000,5.2,1,0,6,2,4,0,3.18,0.71
650489,Willi Castro,COL,24,22,1,0,3,0,3,2,0,0,0.208,0.0,0,0,0,0,0,0,0.00,0.00
661388,William Contreras,MIL,22,19,4,1,4,0,6,3,0,0,0.409,0.0,0,0,0,0,0,0,0.00,0.00
575929,Willson Contreras,BOS,25,22,3,1,2,0,4,3,0,0,0.280,0.0,0,0,0,0,0,0,0.00,0.00
642715,Willy Adames,SF,30,27,2,1,3,0,6,3,0,0,0.300,0.0,0,0,0,0,0,0,0.00,0.00
677800,Wilyer Abreu,BOS,23,22,4,1,3,0,9,1,0,0,0.435,0.0,0,0,0,0,0,0,0.00,0.00
694671,Wyatt Langford,TEX,26,26,1,0,2,1,5,0,0,0,0.192,0.0,0,0,0,0,0,0,0.00,0.00
593428,Xander Bogaerts,SD,25,23,0,0,2,0,4,2,0,0,0.240,0.0,0,0,0,0,0,0,0.00,0.00
669364,Xavier Edwards,MIA,25,23,6,1,5,1,12,2,0,0,0.560,0.0,0,0,0,0,0,0,0.00,0.00
673237,Yainer Diaz,HOU,24,21,2,0,4,0,6,2,0,1,0.333,0.0,0,0,0,0,0,0,0.00,0.00
650490,Yandy Díaz,TB,26,21,4,2,5,0,6,3,2,0,0.423,0.0,0,0,0,0,0,0,0.00,0.00
682274,Yaramil Hiraldo,BAL,0,0,0,0,0,0,0,0,0,0,0.000,1.0,0,0,0,3,2,1,27.00,3.00
666974,Yennier Cano,BAL,0,0,0,0,0,0,0,0,0,0,0.000,1.1,0,0,1,1,2,0,6.75,1.50
672782,Yoendrys Gómez,TB,0,0,0,0,0,0,0,0,0,0,0.000,3.2,0,0,3,2,2,2,4.91,1.09
670990,Yohan Ramírez,PIT,0,0,0,0,0,0,0,0,0,0,0.000,1.0,1,0,2,1,2,1,9.00,3.00
650968,Yohel Pozo,STL,5,5,0,0,0,0,0,0,0,0,0.000,0.0,0,0,0,0,0,0,0.00,0.00
670541,Yordan Alvarez,HOU,26,17,7,3,8,0,8,7,1,1,0.615,0.0,0,0,0,0,0,0,0.00,0.00
808967,Yoshinobu Yamamoto,LAD,0,0,0,0,0,0,0,0,0,0,0.000,6.0,0,0,2,2,4,1,3.00,0.83
660162,Yoán Moncada,LAA,15,14,1,1,2,0,2,1,0,0,0.200,0.0,0,0,0,0,0,0,0.00,0.00
579328,Yusei Kikuchi,LAA,0,0,0,0,0,0,0,0,0,0,0.000,5.1,0,0,5,5,6,4,8.44,1.88
668678,Zac Gallen,AZ,0,0,0,0,0,0,0,0,0,0,0.000,6.0,1,0,2,0,4,0,0.00,0.67
688642,Zach Agnos,COL,0,0,0,0,0,0,0,0,0,0,0.000,2.0,0,0,3,3,7,1,13.50,4.00
621107,Zach Eflin,BAL,0,0,0,0,0,0,0,0,0,0,0.000,3.2,0,0,7,1,4,2,2.45,1.64
656716,Zach McKinstry,DET,12,12,1,1,3,0,3,0,0,0,0.250,0.0,0,0,0,0,0,0,0.00,0.00
687263,Zach Neto,LAA,27,24,3,1,2,0,6,3,0,0,0.333,0.0,0,0,0,0,0,0,0.00,0.00
647315,Zach Pop,PHI,0,0,0,0,0,0,0,0,0,0,0.000,2.0,0,0,4,0,0,1,0.00,0.50
677161,Zack Kelly,BOS,0,0,0,0,0,0,0,0,0,0,0.000,2.0,0,0,1,1,1,0,4.50,0.50
641793,Zack Littell,WSH,0,0,0,0,0,0,0,0,0,0,0.000,5.0,0,0,1,3,6,2,5.40,1.60
687849,Zak Kent,MIN,0,0,0,0,0,0,0,0,0,0,0.000,3.2,0,0,2,2,4,5,4.91,2.45
